-0.0909,-0.062,0.0397,0.1934,0.3469,0.48,0.5323,0.5898,0.693,0.9951,0.1986,0.2008,0.2767,0.2871,0.3538,0.3897,0.4416,0.5764,0.9388,1.536,-0.197,0.3014,0.3196,0.5753,0.6937,0.9171,0.9888,1.0079,1.2301,1.2351,-0.5411,-0.4128,-0.3427,0.1423,0.6328,0.6566,0.681,0.7527,1.1958,1.3158,-0.2054,-0.2048,0.3098,0.3117,0.431,0.6626,0.6772,0.6843,0.7286,1.1033,0.2458,0.4739,0.5205,0.7591,0.8273,0.8486,0.8601,1.194,1.2129,1.2257,-0.1876,-0.1294,0.1262,0.1694,0.3419,0.6086,0.7077,0.7992,0.864,0.9415,-0.1602,0.1265,0.4137,0.6873,0.7123,0.7451,0.7513,0.7608,0.8755,0.9626,-0.0958,0.2811,0.4255,0.5161,0.6471,0.7562,0.8305,0.861,0.9481,1.1252,-0.3751,-0.0737,0.2308,0.5225,0.5818,0.6849,0.7838,0.8134,0.8617,1.3842,-0.401,-0.2989,-0.2418,0.1121,0.3319,0.362,0.5985,0.6164,1.2075,1.4872,1.9287,14.2664,0.0,2.0262,38.58,35.4438,1.0766,13.4876,1.0118,0.0639,2.8475
-0.5711,-0.5288,-0.0426,0.0126,0.3913,0.428,0.5861,0.9514,0.9783,1.0778,-0.4019,-0.2717,-0.058,0.2167,0.3547,0.4622,0.5197,0.5426,0.6539,1.9309,0.1189,0.3494,0.4248,0.6382,0.6561,0.6716,0.7618,1.2109,1.232,1.2995,-1.0136,-0.7414,-0.23,0.1535,0.4885,1.0931,1.103,1.1091,1.3804,1.5884,-0.3655,-0.0533,0.3127,0.325,0.6018,0.6936,0.8494,0.8614,0.9119,1.0421,0.1644,0.2098,0.2296,0.3563,0.5297,0.5849,0.7994,0.8831,0.9686,1.6731,-0.5815,-0.4151,-0.0167,0.5053,0.5448,0.5547,0.7724,0.8618,0.9111,1.4019,-0.2149,0.0779,0.2029,0.375,0.5671,0.6421,1.0101,1.0249,1.0337,1.1904,-0.1587,0.1076,0.1393,0.3566,0.5859,0.8525,1.0516,1.1024,1.1486,1.3898,-0.2308,-0.0111,0.2786,0.3757,0.4404,0.5906,0.691,0.9299,1.2983,1.9455,-0.2797,-0.1273,0.1397,0.2004,0.377,0.6093,0.7007,1.2066,1.563,1.6558,39.8305,1.9277,9.0442,7.9704,0.1129,0.0418,17.4696,15.5817,0.8456,0.0,13.7813
-1.0717,-0.8637,-0.4877,-0.1013,0.0993,0.3866,0.4351,0.6192,1.4106,1.4807,-0.6104,-0.519,-0.3858,0.0588,0.6301,0.7204,0.8178,0.8486,1.0529,2.0919,-0.0771,0.2885,0.3545,0.4245,0.5251,0.8819,0.9382,1.1815,1.3711,1.7857,-0.7788,-0.6282,0.0767,0.6399,0.6573,0.6906,1.1636,1.2505,1.4862,1.583,-0.8239,0.2746,0.2757,0.5179,0.6963,0.7697,0.7999,1.22,1.3522,1.4511,-0.3779,-0.3089,-0.0405,0.0905,0.163,0.3775,0.6445,0.6587,0.9905,1.3573,-0.908,-0.3836,-0.3833,0.2936,0.3513,0.6565,0.7877,0.8135,0.8822,1.115,-0.1056,0.2994,0.3049,0.4043,0.4397,0.4512,0.501,0.8697,1.0435,1.6369,-0.2983,-0.2758,0.4466,0.5568,0.5736,0.7578,1.019,1.141,1.3174,1.4784,-0.7703,0.1116,0.5508,0.571,0.6814,0.765,1.1582,1.4817,1.8719,1.9828,-0.716,-0.0062,0.1651,0.2568,0.4463,0.539,1.1477,1.4662,1.679,1.9563,5.62,5.8882,5.9142,23.4826,12.8127,0.0,16.1767,9.6686,0.6129,8.5754,0.0
-1.3763,-1.1093,-0.8884,-0.2101,0.3098,0.5729,0.6396,0.8675,1.42,1.8071,-0.5163,-0.2643,-0.1643,0.4239,0.4936,0.7736,0.7855,0.8041,1.1025,1.6546,-0.053,0.1242,0.2766,0.5501,0.7846,0.844,0.9302,1.2269,1.3197,1.4327,-0.7656,-0.2443,0.2376,0.4029,0.4255,1.1607,1.2283,1.3413,1.6133,1.7979,-0.7467,-0.1189,0.3608,0.5427,0.7524,0.7788,1.2775,1.2788,1.2966,1.4116,-0.7575,-0.4854,0.0444,0.0598,0.2172,0.4695,0.6525,0.6756,0.6973,1.4403,-1.1859,-0.6397,0.0977,0.1034,0.2272,0.3914,0.55,0.6269,0.7048,1.0556,-0.3094,-0.1141,0.1405,0.2725,0.4829,0.5062,0.7991,0.887,0.9456,1.7979,-0.8785,-0.4821,-0.0259,0.7379,0.9642,1.0036,1.0477,1.1535,1.8938,1.9989,-0.9973,0.057,0.4428,0.6266,0.8495,1.0102,1.0789,1.2626,1.2867,1.9456,-0.8579,-0.3839,-0.1786,0.2415,0.3839,0.6622,0.8811,1.6035,1.6421,2.0482,10.3328,0.0022,0.0,3.8703,13.6492,8.5785,3.2711,0.0,12.0539,0.2296,6.3193
-1.7764,-1.4326,-1.4317,-0.7316,0.3509,0.8828,1.1124,1.2021,1.2611,1.4195,-0.3755,-0.3202,-0.0157,0.3254,0.4159,0.5323,0.566,0.6555,0.8997,1.4584,0.0333,0.2547,0.4321,0.581,0.6434,0.7613,0.7896,0.9528,1.7379,1.7782,-0.3514,-0.3381,-0.2992,0.097,0.1268,0.7467,1.2014,1.2748,1.7994,1.9506,-0.6873,-0.3302,0.073,0.1723,0.9956,1.2004,1.2276,1.2321,1.285,1.6729,-0.4525,-0.4137,0.2876,0.3471,0.3614,0.4145,0.4407,0.6794,0.9627,1.3853,-1.5281,-0.7017,-0.307,0.2788,0.4365,0.4846,0.768,0.7864,0.8792,1.3243,-0.2258,-0.1911,-0.1059,-0.0709,0.2925,0.5161,0.7629,0.9132,1.1725,1.5028,-0.5715,-0.4377,-0.0003,0.1358,0.3857,0.6658,1.163,1.5173,1.5275,1.7089,-1.3011,0.3722,0.4128,0.5103,0.567,1.4223,1.6183,1.7004,1.8135,2.3202,-0.8361,-0.3132,-0.0624,0.3482,0.474,0.8203,1.0468,1.5308,2.1692,2.5949,0.1775,1.7021,1.7028,4.5945,7.1502,28.1794,3.4377,0.0,1.8662,10.2808,2.5219
-1.897,-1.514,-1.1435,-0.9871,0.2855,0.8318,1.0859,1.5493,1.6164,1.807,-0.9582,-0.0752,-0.0016,0.1477,0.1513,0.2542,0.3781,0.5721,0.7138,1.3994,0.0952,0.4072,0.4592,0.5075,0.6081,0.9649,1.0746,1.136,1.6792,2.1615,-0.6124,0.0092,0.1815,0.1849,0.4113,0.8117,1.1557,1.1983,2.0428,2.3934,-1.2199,-0.2576,0.0241,0.4031,0.6099,0.8594,1.0059,1.3999,1.7054,1.823,-0.6418,-0.1177,-0.0933,-0.0319,-0.023,0.0756,0.2931,0.6882,1.1871,1.7787,-1.1686,-0.9996,0.2342,0.258,0.3055,0.3541,0.6322,0.7513,0.8368,1.0642,-0.6664,-0.4049,-0.3381,0.0675,0.0939,0.2041,0.3527,0.5007,0.5601,1.9476,-0.804,-0.2716,-0.1772,0.0755,0.2682,0.9019,1.0207,1.2683,1.7691,2.1007,-1.0049,0.3224,0.3452,0.3856,0.9995,1.3869,1.8905,1.9497,2.2366,2.6631,-0.7156,-0.0596,-0.007,0.4283,0.8463,0.8731,0.978,1.0406,1.8769,2.3215,2.0159,0.0,14.8656,1.3192,0.0,18.7609,4.9208,0.0,1.0385,8.5338,15.0889
-2.3958,-1.5966,-1.0993,-0.8662,0.4267,0.6189,1.0215,1.4763,1.5563,1.7574,-1.179,-0.2631,-0.2616,-0.0274,0.0429,0.1282,0.3865,0.7714,0.805,1.4522,0.0217,0.1268,0.1299,0.45,0.78,0.9674,1.2797,1.3327,1.6238,1.652,-0.3139,-0.1931,0.0053,0.4906,0.6113,0.7455,1.2109,1.2641,1.8155,2.8001,-0.701,-0.198,0.2701,0.368,0.5715,0.7571,0.7987,1.4321,1.4958,1.6356,-0.3756,-0.3282,-0.287,-0.0895,0.0052,0.0865,0.469,0.5841,1.0691,1.5851,-1.5857,-1.373,0.1864,0.1933,0.7486,0.8451,0.8623,0.9316,1.2177,1.5707,-0.9759,-0.8577,-0.2892,-0.2744,-0.0463,0.23,0.272,0.2731,0.6064,1.8498,-0.7344,-0.2848,-0.0175,0.2111,0.5945,0.6004,0.8137,1.6964,1.8154,2.1557,-1.0281,-0.0313,0.0352,0.2033,0.6308,1.4149,1.5766,2.2287,2.2943,2.3742,-1.2312,-0.5807,-0.1837,0.0599,0.6335,0.8573,0.9015,1.4774,1.5394,1.8752,1.1411,0.1417,6.9168,0.6938,2.2512,0.5979,3.7871,9.5912,1.4882,9.375,0.0
-2.4204,-1.7035,-0.6104,-0.5286,0.1601,0.751,1.0046,1.1839,1.69,1.9682,-1.6237,-0.6143,-0.5287,-0.1523,0.0017,0.1821,0.3624,0.7227,1.3911,1.4386,-0.3947,-0.0754,0.2106,0.4481,0.7429,1.0888,1.3959,1.4451,1.5713,1.6318,-0.6148,0.3648,0.4078,0.4241,0.6726,0.6923,0.962,1.1329,1.4282,2.477,-0.1954,-0.1275,0.1274,0.2137,0.2595,0.4763,0.8654,0.8976,1.296,1.8304,-0.9052,-0.9011,-0.4428,-0.2119,-0.1957,-0.1325,0.0011,0.3122,1.0558,1.5326,-1.7098,-0.7723,-0.3091,0.4144,0.5991,0.7646,0.8537,0.873,1.7078,2.0937,-0.851,-0.7559,-0.293,-0.2776,-0.0942,-0.0478,0.0057,0.2128,0.4379,2.2603,-0.7969,-0.7617,0.1086,0.2089,0.452,0.6681,1.0683,1.4109,2.2482,2.7153,-1.024,-0.4136,0.3534,0.6,0.8144,1.2422,1.4353,1.6457,2.4558,2.9177,-1.1807,-0.5743,0.2623,0.2835,0.3319,0.3865,0.4139,1.3228,1.4656,1.7569,0.7874,0.3797,0.3712,1.818,3.5584,1.7628,24.875,0.0,0.0207,0.458,10.0765
-2.7318,-1.2167,-1.1734,-0.3801,-0.366,0.2662,0.6128,1.03,1.3602,1.5869,-1.4415,-0.2208,-0.159,-0.1059,-0.104,0.2404,0.4177,0.5922,1.055,1.9927,-0.6424,-0.2375,-0.0106,0.2908,0.6148,1.1689,1.1724,1.2861,1.9558,2.0048,-0.8084,-0.0054,0.447,0.4801,0.5209,0.8659,1.1294,1.4257,1.8631,2.4294,-0.1245,-0.1179,-0.0895,-0.0621,0.0859,0.3603,1.1105,1.2344,1.2862,1.783,-1.2232,-0.6967,-0.5302,-0.3221,-0.2812,-0.0477,0.3523,0.6358,1.1798,1.4374,-1.5471,-0.8042,0.1807,0.2211,0.6186,0.9497,1.3385,1.4208,1.4435,1.8379,-1.3778,-0.9763,-0.2567,-0.0743,-0.0168,0.0179,0.0365,0.1097,0.4157,2.594,-0.8086,-0.3032,0.4844,0.5231,0.6683,0.7283,0.9527,1.4929,2.074,3.0164,-1.646,-0.3938,0.3964,0.6598,0.7312,0.9235,1.0308,1.1869,2.5491,3.4657,-1.3368,-0.2473,-0.0111,0.4211,0.4439,0.5374,0.5382,1.4795,1.578,1.8951,3.1126,8.3646,9.7472,12.6891,23.1546,0.4527,25.7263,30.1663,3.2723,0.0346,8.9174
-3.0444,-1.6272,-0.614,-0.2677,-0.2212,-0.132,0.5164,1.1802,1.2269,2.146,-1.8213,-0.4101,-0.1882,-0.0959,0.3024,0.4249,0.4483,0.9716,1.2331,1.7552,-0.5434,-0.4302,-0.3279,0.371,0.3817,0.649,0.847,1.4405,1.4866,1.6389,-0.2851,-0.201,0.0455,0.1648,0.5922,0.8356,1.0927,1.5861,2.4152,2.8777,-0.6329,-0.4288,0.2762,0.4872,0.5003,0.5906,1.0208,1.2798,1.5734,1.6519,-1.0251,-0.8652,-0.3607,-0.2536,-0.1394,0.4809,0.5576,1.1695,1.47,1.6902,-1.1388,-0.7913,-0.2063,0.0855,0.7453,1.1792,1.2547,1.3659,1.4,1.8235,-1.3512,-1.3133,-0.7518,-0.2981,-0.0943,-0.0528,-0.0254,-0.0078,0.2158,2.9106,-0.2196,0.014,0.1016,0.4211,0.4781,0.5214,0.8395,1.553,2.4424,2.7834,-1.0721,-0.3347,0.1549,0.197,0.915,1.3162,1.3666,1.491,2.9843,3.6995,-0.9764,-0.4897,-0.4396,0.0937,0.2908,0.6111,0.7243,1.0269,1.5444,2.4985,12.4003,8.9751,13.485,5.8481,8.9231,0.0013,6.665,18.2647,8.278,5.7895,1.8953
-3.6487,-1.4665,-0.4928,-0.1233,0.0057,0.2666,0.3968,0.7414,1.1993,1.5272,-2.1311,-0.4869,0.0166,0.115,0.2574,0.5393,0.8492,1.0428,1.5197,1.7302,-0.9206,-0.5499,0.1224,0.2692,0.2939,0.3935,1.1138,1.4056,1.4833,2.0427,-0.7703,-0.7558,0.1261,0.1988,0.9703,0.9708,1.35,1.8381,2.2415,3.0706,-1.0894,-0.5178,0.0098,0.8199,0.8729,1.0492,1.1717,1.1981,1.4085,2.2752,-0.8183,-0.6707,-0.5073,0.2466,0.2695,0.3444,0.9231,1.064,1.9139,2.2285,-1.7255,-0.5475,-0.2418,-0.0196,0.8482,0.8755,0.935,1.2802,1.5884,2.1399,-1.283,-0.9129,-0.4787,-0.4593,-0.0084,0.0695,0.1749,0.2123,0.2212,2.9376,-0.3244,0.1604,0.2291,0.3553,0.6408,0.711,1.0702,2.0358,2.9218,3.3066,-0.7198,-0.6125,0.1166,0.2156,0.8152,0.9819,1.1235,1.7044,3.5719,4.0074,-0.5981,-0.4258,-0.0813,0.3069,0.8292,0.8828,0.9987,1.4763,2.0277,2.1801,0.6629,0.7365,1.46,12.9174,2.7201,0.3453,8.2163,0.7742,17.522,3.3424,1.3008
-3.4506,-0.8633,-0.7837,-0.6801,0.0347,0.1216,0.2586,0.5328,1.7845,1.792,-2.3319,-0.8222,0.4864,0.528,0.6057,0.6066,1.0864,1.1181,1.3592,1.7365,-1.4611,-0.6626,-0.2044,-0.0082,0.681,0.7276,0.9473,1.3759,1.5022,1.7333,-1.2689,-1.0136,-0.0658,0.3581,0.3749,0.7278,1.2738,1.5628,2.6254,2.6945,-1.5415,-0.4994,-0.3955,0.5117,0.8744,0.9318,0.9468,0.9899,1.4045,2.8294,-0.9437,-0.752,-0.3741,-0.0787,0.0044,0.394,1.5107,1.541,1.6446,2.4709,-1.1141,-0.6308,-0.1367,-0.0096,0.3367,1.1136,1.1577,1.3081,1.9329,1.9457,-1.6236,-1.5331,-1.0017,-0.4729,-0.085,0.2021,0.2335,0.5496,0.622,2.9934,-0.1394,0.0558,0.1135,0.2494,0.5859,0.743,1.2381,1.9306,2.6986,3.6074,-0.8605,-0.4868,0.0682,0.5255,0.7782,0.8953,0.9532,2.0711,4.0321,4.1349,-0.5302,0.1158,0.1367,0.419,0.4993,1.0021,1.2864,1.5921,1.8614,2.6182,3.9255,7.0247,8.0855,0.6856,35.3119,24.9314,6.034,1.2064,1.8101,15.5779,0.0933
-3.9265,-1.1538,-0.8087,-0.7375,-0.1517,0.2973,0.4471,0.5307,1.719,1.8622,-2.0434,-0.9352,0.1354,0.7306,0.9449,0.9793,1.0353,1.1198,1.1446,1.8987,-1.7528,-0.4899,-0.112,0.2381,0.3454,0.9022,1.0577,1.1904,1.5158,1.7646,-0.99,-0.8382,-0.0655,0.0696,0.3261,1.0235,1.4106,1.8097,2.4732,2.6754,-1.8322,-0.2671,-0.1172,0.3344,0.3908,0.652,0.9795,1.2369,1.3896,2.48,-0.9836,-0.7149,-0.3773,-0.2742,-0.2227,0.0093,1.1465,1.7072,1.9426,2.3307,-1.3888,-0.458,-0.3788,-0.1449,-0.0457,0.6864,1.4141,1.5134,1.5963,1.6479,-1.958,-1.574,-1.2429,-0.2121,-0.0761,0.0338,0.4814,0.6657,0.7564,2.4065,-0.2038,0.2011,0.2955,0.5016,0.5555,0.6886,1.7732,2.0175,3.0331,3.2303,-1.2504,-0.8755,-0.381,0.4614,1.0131,1.3914,1.4789,1.8835,3.6051,3.6363,-0.7205,0.2616,0.3273,0.3394,0.4487,1.3311,1.4591,1.6351,2.4135,2.4243,0.187,16.0145,1.9179,3.1833,0.6201,0.0,5.9192,4.9444,2.0814,11.3309,11.2564
-3.7529,-1.4184,-1.2021,-0.3208,0.0027,0.4943,0.6328,0.8392,1.4532,2.0534,-1.6834,-0.9032,0.6278,0.7194,0.7421,1.132,1.2016,1.3134,1.4221,2.438,-2.3713,-0.534,-0.2252,0.3464,0.7713,0.9583,1.2246,1.648,2.1262,2.1807,-1.3546,-0.9585,-0.4871,0.066,0.5566,1.0437,1.366,1.3756,1.9429,2.7893,-1.881,-0.5274,-0.0972,0.249,0.4057,0.4767,0.647,0.7495,0.7987,1.8794,-1.5301,-0.5391,-0.4066,-0.4029,-0.2747,-0.2029,1.1312,1.255,1.7194,2.4249,-1.7735,-0.5966,-0.5672,-0.442,-0.2496,0.4549,0.9805,1.2219,1.4517,1.8031,-1.7456,-1.6725,-0.7916,-0.6444,-0.2707,-0.1967,0.703,0.8809,1.1185,2.5531,0.1082,0.3544,0.6637,0.809,0.8271,1.0633,1.8876,2.379,2.9096,3.565,-1.6246,-1.4283,-0.3499,-0.083,0.4012,1.0223,1.029,2.134,3.344,3.8682,-0.8463,-0.0149,0.7331,0.8583,0.971,1.131,1.1716,1.6072,2.0605,2.8973,0.0287,0.153,0.0801,22.3392,4.8015,4.0782,2.3739,15.9033,1.6508,3.9695,30.8062
-3.9226,-1.6323,-1.4499,-0.3772,0.5277,0.5983,0.9014,1.0958,1.1696,1.6732,-1.8258,-0.3176,0.1452,0.5296,0.6319,0.9967,1.1483,1.3007,1.9259,2.5719,-2.8788,-0.3955,-0.1816,0.3874,0.6432,0.7978,1.0793,1.5101,1.6716,1.8431,-1.2891,-0.8726,0.0899,0.6896,0.8061,1.2178,1.2387,1.5622,1.5912,3.2701,-2.3701,-0.7495,-0.5477,-0.2182,0.3472,0.4147,0.4886,0.6482,0.7955,2.1342,-1.2803,-0.7244,-0.6385,-0.3937,0.0276,0.1887,1.3297,1.5172,1.9627,2.039,-2.102,-0.9833,-0.5826,-0.427,-0.171,0.8237,0.9337,1.7814,1.9826,2.35,-2.1934,-2.1653,-0.7764,-0.5728,0.0361,0.1045,0.3531,0.6967,1.1099,3.1362,-0.1072,0.5513,0.6412,0.7869,1.3191,1.4067,2.1578,2.2313,2.81,3.5634,-1.9162,-1.6866,-0.6072,-0.5525,0.5249,0.9381,0.945,2.4003,3.2116,3.6143,-0.4508,-0.2221,0.2856,0.5995,0.6894,1.0892,1.1465,1.3462,1.6764,3.1352,2.0164,3.2233,0.6669,35.2133,5.6178,5.1833,1.7325,0.8805,11.1201,4.7601,2.0668
-4.3627,-1.3023,-0.8494,-0.1009,0.081,0.2124,1.0911,1.1555,1.1646,1.3131,-1.9173,-0.1272,0.1012,0.407,0.7511,1.3723,1.5903,1.6708,1.718,2.2071,-3.3254,-0.3857,-0.2624,0.2956,0.8635,1.0742,1.5344,1.6273,1.6973,2.0191,-1.1367,-0.6118,0.6527,1.0533,1.0616,1.4212,1.6691,1.6884,1.8586,3.7326,-1.8087,-1.2024,-0.3682,0.1469,0.8154,0.832,0.959,0.9843,1.1351,1.7295,-0.9216,-0.7946,-0.5617,-0.1325,0.0223,0.5409,0.8103,1.0689,1.544,1.9838,-1.7422,-1.5137,-0.9172,-0.645,0.1885,1.1534,1.1699,2.2291,2.5759,2.9545,-2.2434,-1.6507,-0.2788,-0.276,-0.0084,0.0018,0.4795,0.4966,1.1142,2.5308,0.0959,0.3714,0.4708,0.7638,1.0717,1.3793,1.9473,2.1579,2.2656,3.2438,-2.2201,-1.9171,-0.9853,-0.2087,0.3256,0.9708,1.305,3.0053,3.2385,3.634,-0.3258,-0.1311,0.0934,0.6251,0.9047,0.9109,1.4931,1.8809,1.9641,2.6025,14.2406,0.7656,10.3637,6.7965,3.8773,1.0973,1.2843,0.5852,0.0373,0.4891,1.3612
-3.9935,-1.6048,-0.4988,-0.0503,-0.0028,0.3982,0.5915,0.7047,0.9038,1.8472,-1.3998,-0.1778,0.2005,0.3098,0.4867,1.1395,1.2004,1.5883,1.8922,2.2937,-3.1108,0.0894,0.3565,0.523,0.8487,1.1989,1.3951,1.5742,1.5826,1.7767,-1.0891,-0.4646,0.6871,1.2514,1.2525,1.2694,1.4211,1.4219,1.5661,3.7136,-1.8195,-1.713,-0.7945,-0.3191,0.3401,0.8461,1.0333,1.0988,1.3027,2.1781,-1.4622,-0.6108,-0.4757,-0.3986,0.2326,0.5607,0.9721,1.04,1.6229,2.2536,-2.111,-1.2467,-1.1826,-0.7184,0.5728,1.457,1.7622,2.6512,2.8003,3.5688,-2.4597,-1.7539,-0.2932,-0.2487,-0.1932,0.2359,0.6121,0.9218,1.0736,2.1902,-0.0729,0.0525,0.233,0.5118,0.6615,1.3315,1.9262,2.2809,2.5335,3.2367,-2.7827,-2.4524,-0.5719,0.2823,0.3091,1.4705,1.5016,3.1382,3.4973,4.1586,0.0422,0.1734,0.2191,0.3076,0.3923,0.9789,1.6937,1.7285,2.3356,2.901,1.9884,0.3201,0.7323,4.1908,1.4082,3.2885,2.289,21.066,3.4016,5.9498,6.316
-4.041,-1.1484,-0.5003,-0.4605,-0.1904,-0.0752,0.5939,0.6806,1.0002,2.0891,-1.3526,-0.642,0.3807,0.47,0.7037,0.8899,1.3499,1.4648,1.5859,2.0788,-3.0341,0.1037,0.3697,1.0353,1.0615,1.1147,1.1329,1.1365,1.7136,2.2198,-1.052,-0.3889,0.8424,1.0918,1.2565,1.2845,1.7301,1.836,1.8378,3.113,-2.425,-2.182,-1.2584,-0.6208,-0.1874,0.5803,1.3235,1.3935,1.6731,2.3725,-1.2924,-1.1388,-0.4509,-0.1179,0.4591,0.693,1.0138,1.3132,1.505,2.0418,-1.6697,-1.4117,-0.8048,-0.3197,0.1146,1.0931,1.8597,2.5355,2.7623,3.4305,-2.9697,-2.0739,-0.5469,-0.2972,-0.1973,-0.0983,0.6706,0.8899,1.1267,2.2549,-0.3497,0.2347,0.3108,0.3716,0.4401,1.8116,1.8806,2.2872,2.4966,3.38,-2.556,-2.4355,-0.8877,-0.1291,0.0429,1.5893,2.0248,3.656,3.7501,4.0267,-0.142,0.1971,0.3964,0.4775,0.8033,0.8702,2.0627,2.1537,2.7262,2.9353,2.6504,2.353,20.6545,6.7714,4.503,0.4271,0.3675,0.0011,17.2078,16.1723,1.778
-3.7991,-1.3735,-0.9551,-0.6324,-0.1735,0.2006,0.2147,0.6769,1.1714,2.0349,-1.8336,-1.0515,0.0253,0.3647,0.876,1.0175,1.12,1.1415,1.4979,2.6891,-2.7727,-0.2147,0.2681,0.5941,0.6484,0.7705,1.0062,1.5088,1.6363,2.0249,-1.1229,-0.301,0.8892,0.928,1.11,1.2419,1.2655,1.6008,1.9401,3.0058,-2.272,-2.1842,-0.8991,-0.7299,-0.5384,0.2317,1.299,1.3104,1.377,2.0958,-1.6193,-1.5284,0.1639,0.2902,0.3047,0.7064,1.4021,1.4309,1.6825,1.8468,-1.894,-1.6769,-1.3138,-0.8645,0.7169,0.954,1.437,2.5096,2.6355,3.989,-2.6026,-2.4477,-0.6842,-0.1018,0.3065,0.485,0.8015,1.2292,1.4271,2.6153,-0.3035,0.2464,0.4216,0.5221,0.5991,1.8998,1.9704,2.0345,2.1565,3.495,-3.0465,-2.9193,-1.1933,-0.4431,0.4519,1.5595,2.2467,3.1805,3.2995,3.4151,0.0195,0.3289,0.3935,0.7239,0.9245,1.1307,1.547,2.4607,2.7713,2.9483,23.1658,1.7808,16.6525,0.7054,5.5822,5.1006,0.6886,0.8601,11.6995,3.8243,7.3377
-3.9644,-1.5287,-1.0026,-0.8996,-0.1395,0.2505,0.5561,1.2404,1.692,2.4799,-1.4525,-1.3406,0.4395,0.5027,0.637,0.7545,1.1866,1.4561,1.6798,2.3426,-3.1226,-0.6254,-0.2864,0.3826,0.4565,0.6032,1.181,1.2521,1.4271,2.6467,-1.5037,-0.7852,0.5036,0.6621,0.9511,1.3659,1.5148,1.5428,1.6078,2.5351,-2.3312,-1.8039,-1.4064,-0.6531,-0.2429,-0.1469,0.7891,0.8724,1.2193,1.7364,-1.601,-1.2025,-0.0335,0.3494,0.5409,0.6538,1.1354,1.6384,1.8212,2.0948,-2.0879,-1.4655,-1.4369,-0.7862,0.1636,0.6291,0.8128,2.2766,2.5792,4.5804,-3.0541,-2.7624,-0.0649,-0.0628,0.2999,0.584,0.7053,1.0903,1.3764,2.3273,-0.8765,0.0965,0.4702,0.7799,1.1257,1.8614,1.9578,2.0814,2.1382,3.681,-3.628,-3.404,-1.4699,-0.4103,0.1855,2.163,2.8502,2.9639,2.9772,3.874,0.1937,0.5947,0.7671,0.941,1.0108,1.291,1.8187,2.1193,2.7155,3.2039,0.0,7.0583,5.4012,11.5923,11.0255,4.2691,4.6899,0.1117,3.8029,2.1875,0.0
-4.5108,-1.753,-1.0334,-0.9782,0.0294,0.1028,0.4747,1.2554,1.5161,3.0264,-1.6662,-1.0143,0.1052,0.2402,0.2507,0.4886,0.643,1.3474,1.7539,2.1624,-3.224,-1.0871,-0.7498,0.4181,0.5869,0.7201,0.9223,1.4433,1.7447,3.0515,-1.3623,-1.2021,0.7969,0.8572,1.3661,1.4941,1.5441,1.7456,1.7505,2.8992,-2.1563,-1.7244,-1.1007,-0.5508,-0.4602,-0.154,0.3061,1.1779,1.2746,1.2838,-1.4766,-1.4483,-0.2742,0.0549,0.5075,0.7133,1.0736,1.1738,1.9278,2.3427,-2.6036,-1.9504,-1.9432,-1.2253,0.3059,0.6029,0.795,2.793,3.0691,4.4859,-2.846,-2.5594,-0.3618,0.0363,0.6399,0.7463,0.7697,0.7771,1.2855,2.6656,-0.7074,-0.0735,-0.0589,0.7561,1.087,1.4392,1.691,1.7103,2.2237,3.9306,-3.9502,-3.5756,-1.6548,-0.382,-0.3622,2.211,2.6564,2.9576,3.1168,4.207,0.4267,0.772,0.9741,0.9989,1.0151,1.0394,2.1815,2.4387,2.5971,3.4661,4.2595,7.7071,1.4872,1.5034,4.7482,5.7035,1.3363,5.0338,7.1196,4.7574,10.5602
-4.8624,-2.2702,-1.3134,-0.8814,-0.1807,-0.0739,0.1368,1.4195,1.4495,2.5698,-1.5336,-1.499,-0.1076,0.2299,0.2586,0.6007,0.7125,1.1592,2.1126,2.3425,-2.9663,-1.1969,-0.472,-0.0816,0.2214,0.6722,0.8109,1.8343,1.8775,2.8165,-1.812,-1.1604,0.524,0.5365,0.9549,1.3828,1.9271,2.3373,2.345,3.4694,-2.2976,-1.3108,-0.98,-0.9587,-0.7036,0.1507,0.8348,1.0173,1.0927,1.834,-1.3026,-1.2352,-0.1117,0.0896,0.5229,0.8847,1.5417,1.5574,1.8273,2.4003,-2.8221,-2.5288,-2.1837,-0.966,0.0393,0.2947,1.2462,2.4048,2.9288,4.8525,-2.5775,-2.3115,-0.5703,-0.5141,0.3261,0.487,0.5567,1.216,1.3698,2.9879,-0.5358,-0.279,-0.195,0.7442,1.1309,1.2483,1.866,1.869,2.5647,4.0235,-4.4575,-3.4311,-1.8642,-0.3042,0.2335,2.1462,2.2141,2.709,2.7095,4.7782,0.5204,0.5441,0.5907,0.7056,1.0242,1.2975,1.8384,2.1553,2.7511,3.7103,7.6208,19.2798,1.3426,10.5789,8.678,0.0032,1.1531,11.8895,3.335,11.8872,3.1882
-4.912,-2.5815,-1.9163,-1.3409,-0.6286,-0.5559,0.2456,0.92,1.0465,2.6923,-1.6428,-1.2689,0.165,0.2822,0.3308,0.495,0.892,1.0674,2.5359,2.8385,-3.4439,-0.9557,-0.5017,-0.2286,0.4489,0.6597,1.2471,1.654,2.118,2.763,-1.8325,-1.0921,0.4972,0.5837,0.9293,1.315,1.8473,2.4383,2.7771,2.9435,-2.7525,-1.5242,-1.5131,-0.9764,-0.9524,-0.0079,0.7858,1.3838,1.6517,1.698,-1.2574,-0.7407,-0.6531,-0.1511,0.4023,0.9511,1.0006,1.3845,1.6298,2.0668,-3.1458,-2.5714,-2.301,-0.7271,0.1498,0.3243,1.2754,2.2938,3.006,5.1188,-3.0626,-2.5907,-1.1303,-1.0909,0.3195,0.3559,0.565,1.2164,1.5037,3.5009,-1.081,-0.7792,0.2699,1.1455,1.3624,1.7398,1.8066,2.0319,3.0422,4.3477,-4.0506,-3.72,-1.5197,-0.7126,0.287,1.7086,1.7444,2.2535,3.3337,5.0351,0.1713,0.4135,0.585,0.6558,0.8859,1.243,2.2153,2.404,2.5462,3.4508,15.0647,0.0183,0.0281,4.8859,6.5428,0.0,2.6368,5.0717,0.1074,2.4669,0.7889
-4.9162,-2.7255,-2.3986,-0.7219,-0.6727,-0.3967,0.7025,0.7596,0.997,2.611,-1.2871,-1.1967,-0.1983,-0.0731,0.4363,0.4451,1.0698,1.5455,2.1187,2.5228,-3.0408,-0.734,-0.3584,-0.1395,0.7164,1.06,1.1179,1.6812,2.4279,2.7714,-2.0296,-1.3764,0.4744,0.5698,0.6559,1.1724,1.9416,2.0279,2.4024,3.2092,-2.286,-2.1371,-1.849,-0.4845,-0.4428,-0.107,0.5635,1.0288,1.6945,2.1308,-1.2838,-0.8164,-0.8039,-0.7465,0.0814,1.0526,1.3048,1.5316,1.5455,1.8072,-3.0746,-3.0233,-2.5569,-1.0191,-0.2955,-0.2679,1.6919,2.2739,3.0772,4.5923,-2.8671,-2.2607,-1.5425,-1.2958,0.6805,0.7114,1.0706,1.1816,1.5883,3.2003,-0.5746,-0.5284,-0.1961,1.47,1.6361,1.7499,1.8629,2.3346,3.0192,4.0762,-4.1065,-3.8945,-1.2982,-1.0896,-0.2408,1.6621,2.135,2.1882,3.2659,4.8832,0.0291,0.3254,0.4085,0.4341,0.6273,0.949,2.3432,2.6262,2.74,4.0545,5.7332,0.6708,0.7827,8.9421,6.756,0.426,33.1102,3.3187,3.8393,2.7619,5.3108
-4.9148,-2.5415,-2.1931,-0.8772,-0.459,-0.328,0.1814,0.7812,1.1009,3.2023,-1.5861,-1.3961,-0.588,0.2453,0.5254,0.7126,0.9715,1.9473,2.0931,2.4815,-3.0062,-0.6648,-0.2954,-0.1078,0.4909,0.8233,1.5974,1.8956,1.8987,3.2727,-1.7895,-1.0883,0.5413,0.647,0.9983,1.4042,1.8925,1.9119,2.2732,3.783,-2.7805,-1.9684,-1.7512,-0.8611,-0.6452,0.0797,0.8786,1.5111,1.7601,2.2215,-1.7457,-1.3376,-0.4333,-0.3061,-0.1775,0.6906,0.775,1.0967,1.6,2.0371,-2.7718,-2.6466,-2.5453,-0.8896,-0.7329,0.0372,1.3536,1.7177,2.7399,4.1309,-2.4861,-2.1449,-1.307,-1.0058,0.4607,0.8402,0.8986,1.3331,1.7398,3.2559,-1.0828,-0.3997,-0.103,0.9305,1.4171,1.7784,1.8112,2.4836,2.6004,3.5127,-4.2944,-4.2811,-1.4599,-1.1763,-0.5785,1.3876,2.1568,2.2534,3.6805,5.1999,0.1211,0.3571,0.6646,0.8925,1.2352,1.5069,2.8066,3.0936,3.1732,4.3716,0.8436,0.3763,2.4308,46.3477,1.4704,0.3052,9.7641,15.9912,2.5689,10.1164,1.0571
-5.0474,-2.8188,-2.778,-1.1051,-1.0187,-0.0994,0.2926,1.2918,1.668,2.6594,-1.6284,-1.2342,-0.4347,0.6881,0.7543,0.8481,1.0888,1.3272,1.6468,2.5922,-3.3806,-0.6386,-0.2574,-0.0063,0.3505,1.0265,1.3916,1.7232,2.332,3.7332,-1.6268,-0.7195,0.7975,1.1766,1.2116,1.2347,1.4412,1.6569,2.1463,3.607,-3.2756,-1.9512,-1.3966,-1.3452,-0.5337,-0.2544,0.8248,1.7671,1.8845,2.2665,-1.9211,-1.4046,-0.7125,0.0105,0.0504,0.308,0.6126,0.7669,1.5481,1.6611,-2.8135,-2.2608,-2.214,-1.3078,-1.101,0.6506,1.5335,2.27,3.1667,4.5644,-2.8947,-2.1035,-1.5718,-0.9116,0.8567,0.9028,1.3691,1.4413,1.8362,3.0203,-0.8326,0.0291,0.4684,0.5593,1.8841,2.0102,2.2084,2.2206,2.5429,4.1247,-4.7927,-4.5904,-1.28,-0.8683,-0.8618,0.8428,1.6115,1.7132,3.2708,5.5536,0.0406,0.4666,0.7084,1.0868,1.1435,1.3702,2.2439,3.1963,3.4912,3.928,5.6198,7.3047,0.0,35.7466,5.8885,3.231,6.5917,4.2282,1.0512,26.2661,0.878
-5.3025,-2.4005,-2.2336,-1.5509,-1.3804,-0.3167,-0.2943,0.8845,1.915,3.0534,-1.298,-0.885,-0.7532,0.3495,0.4859,0.9219,1.0611,1.1925,1.7875,2.7941,-3.9433,-0.7032,-0.5405,-0.4185,-0.0888,1.0655,1.338,1.8973,2.1338,3.4411,-1.498,-0.8004,0.6251,0.9373,1.18,1.3339,1.3916,1.5613,1.5943,3.3083,-3.4888,-1.9305,-1.5538,-1.1011,-0.2106,0.0599,1.2063,1.4261,1.7864,1.8781,-1.8753,-1.441,-1.1818,-0.177,-0.173,-0.0809,0.2304,1.1681,1.1986,1.7547,-2.6289,-2.1898,-1.8784,-1.6737,-0.5601,0.9361,1.8075,2.5359,2.9571,4.4454,-2.4634,-1.5664,-1.1235,-0.9259,0.324,0.87,1.0451,1.6815,1.7805,2.766,-0.3165,-0.2889,0.1972,0.9731,1.3474,2.4717,2.5029,2.5814,2.7636,4.666,-4.7279,-4.228,-1.221,-0.9798,-0.8985,0.5214,1.966,2.0105,2.7725,5.7927,-0.0744,0.2793,0.5476,0.6764,1.1057,1.3912,2.3302,3.2448,3.8291,4.0341,4.8871,0.1005,0.2981,0.4627,3.3774,7.1843,6.9682,7.5904,9.4928,4.9278,1.2059
-5.4552,-2.6565,-2.4216,-1.8614,-1.2961,-0.1011,0.0441,1.4939,2.2871,2.4988,-1.2719,-0.7661,-0.6573,-0.0093,0.4576,0.6865,0.9501,0.9544,1.6542,3.2814,-3.4386,-0.7321,-0.4918,-0.4039,0.1894,1.2478,1.4573,1.7281,2.2007,3.0543,-1.7379,-0.9356,0.1767,0.8354,0.9759,1.1017,1.2007,1.3115,1.5906,3.8045,-3.4892,-2.1655,-1.8081,-0.9336,0.0552,0.5817,0.8119,0.8622,1.5262,1.5388,-2.1457,-1.7221,-0.9866,-0.5839,-0.4957,-0.12,0.3911,0.5737,0.8883,1.2911,-2.2534,-2.1028,-2.034,-1.0992,-0.4238,1.2701,2.1386,2.5611,3.4383,4.9121,-2.7553,-1.8772,-1.4461,-1.3726,0.2817,0.2968,0.452,1.2036,1.3713,2.2138,-0.4346,-0.3774,-0.3274,0.7248,0.8832,2.0123,2.5688,2.7026,2.7701,4.2268,-5.255,-3.7627,-1.152,-1.1237,-0.9793,-0.0224,1.8273,2.5481,2.5973,6.1888,-0.6501,-0.0703,0.3641,0.5726,0.7527,1.8894,1.9795,3.8084,4.1769,4.2727,4.1689,0.5383,1.3882,0.6161,2.9193,2.038,6.8793,6.4196,7.0241,10.4216,4.1845
-4.8831,-3.0211,-2.3668,-1.8767,-1.8735,-0.0914,0.1595,1.2,2.4705,2.6001,-1.4106,-0.9573,-0.7418,-0.2859,0.4842,0.9361,1.4376,1.5153,2.2306,3.7101,-3.7625,-1.1333,-1.0055,-0.2426,-0.0825,1.2925,1.3635,1.5394,1.9248,3.1587,-1.8947,-0.446,-0.2256,0.7808,0.9068,0.9848,1.2661,1.3644,1.3831,3.487,-3.499,-2.5024,-1.8948,-1.5092,0.5516,0.676,0.9548,1.3313,1.382,1.8962,-1.5849,-1.4985,-1.2979,-1.0609,-0.8193,-0.6257,-0.026,0.2786,0.6714,1.1561,-2.5974,-2.3314,-1.6966,-1.3114,-1.038,1.4891,1.6941,2.8263,3.9621,4.3788,-2.2268,-1.979,-1.9225,-0.9818,-0.1501,0.0341,0.8338,1.4986,1.5671,1.9838,-0.4277,-0.3228,0.0984,0.5858,0.9307,2.0013,2.4234,2.6776,3.126,4.0383,-5.5122,-3.7805,-1.5868,-1.006,-0.5225,0.1474,2.2113,2.4851,2.6173,6.5145,-0.5148,-0.0257,0.0114,0.9607,1.0617,2.2048,2.3755,4.1466,4.1951,4.2897,7.5388,6.4868,0.1413,7.9074,9.882,0.2258,1.2743,3.6492,0.301,3.2272,22.5457
-4.8955,-2.9877,-2.6778,-1.6911,-1.482,-0.0272,0.1969,1.3769,2.4623,3.1817,-1.5727,-0.9063,-0.7283,-0.6601,0.1945,0.4853,1.6567,1.6761,2.0125,3.2891,-3.7494,-1.4526,-0.8668,-0.5951,-0.4139,0.957,1.0193,1.121,1.7027,2.8288,-1.666,-0.8034,0.1145,0.4347,0.5559,0.6593,0.9813,1.6504,1.8932,3.596,-3.427,-2.3219,-2.085,-1.441,0.2687,0.4825,0.5122,0.8205,1.447,1.8797,-1.4786,-1.0717,-1.0487,-0.5545,-0.4235,-0.4182,0.2615,0.5727,1.258,1.4921,-2.7997,-2.3888,-1.5017,-0.9974,-0.7965,1.0907,1.8272,3.108,3.8763,4.955,-2.1205,-1.8566,-1.7719,-1.1257,-0.4366,0.0814,1.2059,1.2434,1.9892,2.1587,-0.7302,-0.5955,0.1769,0.8979,0.9492,2.0169,2.5517,2.8274,3.4684,3.7435,-5.9522,-3.4467,-1.3416,-0.9977,-0.2613,-0.1306,1.8453,3.0463,3.2309,6.7866,-0.322,-0.191,-0.0663,1.3336,1.5162,1.7637,2.0974,3.576,4.5376,4.5591,4.5207,3.0874,1.2811,0.4203,1.9754,5.4955,1.2897,4.7454,1.7866,12.6685,2.7486
-4.5527,-2.7445,-2.6215,-1.9564,-1.5245,0.048,0.4422,0.933,2.8779,3.6899,-1.6567,-1.2817,-0.9417,-0.6305,0.1033,0.1482,1.9458,2.0991,2.2424,3.31,-3.3667,-1.484,-1.238,-1.1894,-0.1382,0.6864,1.0169,1.487,1.554,2.3173,-1.4751,-1.1789,-0.4014,0.0317,0.4022,0.6661,1.1662,1.5434,1.5888,3.1148,-3.1006,-2.7954,-2.0178,-1.737,-0.2934,0.3911,0.4107,0.5588,1.295,1.4617,-1.988,-1.1495,-0.7881,-0.6196,-0.3218,-0.0633,0.1907,0.1992,1.0363,1.2458,-3.018,-1.963,-1.5628,-1.2668,-1.1471,1.3552,1.3816,3.6643,3.7772,4.507,-2.4747,-1.8051,-1.5088,-1.0256,-0.9756,0.6543,0.9039,1.1517,1.4558,2.1632,-1.2111,-0.1594,0.3291,0.5531,0.5626,2.197,2.2344,2.9456,3.6901,4.3132,-5.6584,-3.7346,-1.7005,-0.4576,-0.3914,0.0344,1.8076,2.7573,2.9588,6.3887,-0.2333,-0.0784,0.2841,1.3388,1.9783,1.9833,2.5664,3.4829,4.7444,4.7491,5.1864,0.278,4.7981,14.576,3.4344,2.8953,5.3374,2.2975,2.4004,6.6739,11.7399
-5.1277,-2.634,-2.4913,-1.7939,-1.5591,0.4832,0.9637,1.4312,2.5505,3.3719,-1.5939,-1.3702,-0.4211,-0.3826,-0.2289,0.0218,1.7051,2.318,2.4551,3.7018,-3.5803,-1.8575,-1.4361,-0.7672,-0.3675,0.7044,1.0837,1.5564,1.8268,2.3252,-1.1472,-1.017,-0.5328,-0.1355,0.0694,0.6878,1.3343,1.502,1.9445,2.5512,-3.382,-2.6016,-2.3608,-1.5348,-0.5539,-0.1315,-0.0317,0.442,1.5537,2.0786,-2.2211,-1.5911,-0.9021,-0.5066,-0.3662,-0.2348,-0.2099,0.2274,1.254,1.6509,-3.4706,-1.6059,-1.3439,-0.8678,-0.808,0.7577,1.4675,3.3808,3.3954,4.1912,-2.3205,-1.8586,-1.3521,-1.3159,-0.7359,0.8365,0.9036,0.9175,1.1428,2.0232,-0.886,-0.1742,-0.067,0.3759,0.5571,2.1111,2.7609,3.452,3.9105,4.2485,-6.1682,-3.7613,-1.7778,-0.4482,-0.2831,0.2141,1.2085,2.2508,3.1811,6.7592,-0.148,-0.032,0.8368,1.6468,1.9842,2.217,2.3974,3.5428,4.8628,5.3259,5.9721,4.3244,4.6942,1.2811,5.7498,6.1374,15.9427,4.2676,0.2921,9.4812,4.2922
-5.359,-3.1173,-2.5029,-2.0811,-1.5002,0.5918,0.6507,2.0351,2.5805,3.8595,-1.5306,-1.1118,-0.5675,-0.1308,0.1085,0.4948,2.076,2.1754,2.9944,3.1598,-4.0176,-1.8107,-1.6247,-0.6949,-0.654,0.5639,1.4455,1.4979,1.6846,2.0876,-1.2323,-1.085,-0.8131,-0.43,-0.2718,0.7421,0.8373,1.4114,1.7177,2.3657,-3.7534,-2.7053,-2.3951,-1.1178,-0.5522,-0.4564,-0.1114,-0.0981,1.3759,1.7027,-2.7165,-1.4482,-1.4233,-0.8086,-0.5258,-0.4873,-0.2857,0.4606,1.1803,1.6235,-3.815,-1.9336,-1.4791,-1.3344,-0.6159,1.1371,1.146,2.9692,3.2544,3.842,-2.7092,-2.0298,-1.459,-1.1471,-0.6102,0.8268,0.9325,1.4026,1.5668,1.967,-1.2377,-0.5006,-0.4494,0.6423,1.1349,1.895,2.3442,3.298,3.8578,4.674,-6.2604,-4.3734,-1.8746,-0.3385,-0.0403,0.6458,1.7561,2.8648,2.9809,7.3782,-0.5286,0.3586,0.7116,1.2984,2.2366,2.3618,2.7636,3.9186,4.6761,5.3654,12.549,8.457,7.0314,2.6467,0.8099,5.0167,7.8496,1.9323,4.0544,3.3812,2.1994
-5.2577,-2.9812,-2.8852,-1.6041,-0.9001,-0.0093,1.0984,1.8037,2.7357,3.509,-1.3101,-0.7204,-0.6067,-0.2871,-0.0064,1.0099,1.7639,2.5691,2.6315,3.3495,-4.0404,-2.1348,-1.4194,-0.5147,-0.339,-0.0488,0.9837,1.7333,1.7738,2.2971,-1.5104,-1.14,-0.557,-0.2,-0.0133,0.8086,0.9636,1.6405,1.6689,1.848,-3.1901,-2.092,-1.9284,-1.6015,-1.0312,-0.4899,-0.1049,0.5063,0.946,1.9387,-3.0499,-1.219,-0.9244,-0.8277,-0.6836,-0.3381,0.3209,0.637,0.9113,1.2975,-3.2589,-1.9306,-1.3687,-1.0757,-0.5156,0.8769,1.7472,2.766,3.1192,3.8511,-3.0918,-1.9766,-1.5896,-1.2509,-0.8983,0.6943,1.0359,1.0838,2.0702,2.2937,-1.3361,-0.9661,0.0413,0.2761,0.7271,1.8892,2.2285,3.4195,3.8693,5.2358,-6.4765,-4.4653,-1.7469,-0.6917,0.2759,1.0842,1.6839,3.1758,3.2477,7.1601,-1.1349,0.3067,0.3959,1.102,2.2703,2.4368,2.4665,4.47,4.6756,5.4293,5.0095,4.6563,7.8688,1.1234,11.4152,2.0626,1.497,1.1996,0.0982,6.98,9.6258
-4.716,-2.9546,-2.9155,-1.562,-1.1128,-0.1464,1.0929,1.7421,2.6095,3.3113,-1.7617,-0.7152,-0.3946,-0.1541,-0.1504,1.1989,1.4743,2.5436,2.5782,2.7752,-4.3705,-1.7061,-1.4737,-0.9543,-0.3468,-0.175,0.5978,1.1709,1.3459,1.7683,-1.4087,-1.3412,-0.7054,-0.4864,0.1506,0.2264,0.8898,1.3594,1.8645,2.0826,-3.4435,-1.7607,-1.6907,-1.4701,-0.8828,-0.4555,0.1923,0.8422,1.2037,1.4974,-3.5207,-1.3931,-1.2585,-1.1339,-0.9389,-0.5382,-0.1526,0.3901,0.417,1.2125,-3.3371,-2.4385,-1.5026,-1.1856,-0.1989,0.8271,1.802,2.9865,3.1329,3.3946,-3.2728,-2.2059,-2.1015,-1.4686,-1.3558,0.9757,1.1881,1.2684,1.7205,2.5971,-1.4653,-1.1265,0.3355,0.3407,1.0281,1.9898,2.047,3.8865,3.9013,5.8374,-7.0138,-4.3703,-1.9093,-0.5528,0.4899,0.7734,2.0307,2.8391,3.0629,7.1072,-1.0127,0.2395,0.6355,1.4085,2.1764,2.2978,2.8833,4.3109,4.702,5.9446,8.3885,0.5609,0.0612,5.1258,0.0609,4.0971,0.3004,0.1608,9.4209,6.5062,24.7906
-5.2702,-2.8581,-2.5925,-1.5457,-1.0337,-0.1177,0.6008,1.7054,2.0374,3.0219,-2.0867,-0.7771,-0.6061,-0.5252,0.3269,0.9871,1.4373,2.3596,2.5792,3.2555,-4.0006,-2.2664,-1.9143,-1.4359,-0.3014,-0.2976,0.5679,1.1748,1.3679,1.86,-1.0947,-1.0705,-1.0398,-0.3855,-0.0405,0.7674,0.9196,1.6256,2.2628,2.4679,-3.4466,-1.9052,-1.687,-1.4929,-1.0138,-0.0734,0.7267,0.9179,1.3718,1.5501,-3.8016,-1.8029,-1.7689,-1.2242,-0.9278,-0.9036,0.0349,0.3199,0.9593,1.0474,-3.1191,-2.8068,-1.529,-1.176,0.3252,0.3273,2.0089,2.6663,2.9392,3.2971,-2.8867,-2.6701,-1.8478,-1.694,-1.6164,0.4435,0.827,1.0491,1.5781,2.6974,-1.7802,-0.6809,-0.0452,0.8723,1.2012,1.8936,2.1528,3.7129,4.182,6.0581,-7.4959,-3.8792,-1.5239,-0.9364,0.8846,1.0799,2.4344,2.8528,3.23,7.6741,-0.7585,0.228,0.3141,1.7258,1.8201,1.9841,2.5746,4.1952,4.7263,5.3789,3.2756,0.1446,12.9639,2.34,1.8442,13.3805,1.3616,5.5585,2.4364,3.4492,6.9039
-5.3474,-2.5947,-2.1092,-2.0382,-1.4423,-0.5461,1.2103,1.3949,1.5913,2.9336,-2.0711,-1.1027,-1.0854,-0.4218,0.2368,0.915,1.5911,2.2047,2.9699,3.1211,-3.4171,-2.0135,-1.8888,-1.7024,-0.6841,0.0607,0.1929,1.0452,1.3179,2.0726,-1.1898,-0.7306,-0.6915,-0.5134,-0.2277,0.3583,1.2895,1.6635,2.0128,2.5329,-2.9223,-1.8638,-1.7137,-1.2292,-1.0576,0.3612,0.5676,1.0506,1.0719,2.1028,-3.4999,-1.5679,-1.4236,-1.2345,-0.7558,-0.6917,0.55,0.596,0.6148,1.2137,-3.1486,-2.9229,-1.0385,-0.6743,-0.013,0.2938,2.2007,2.7942,2.966,3.2929,-3.2702,-2.9063,-2.3894,-2.133,-1.813,0.3391,0.4949,1.2082,1.4114,2.5903,-1.3885,-0.48,0.0802,1.3674,1.5734,1.6829,2.3917,3.8214,4.1863,5.9282,-8.0057,-3.9365,-1.908,-0.6909,1.2469,1.5077,2.5553,2.9738,3.6958,7.3681,-0.5033,0.3475,0.3867,1.3986,1.4724,2.3529,3.18,4.5384,5.2895,5.428,1.4799,4.6209,0.3142,5.9907,4.3763,12.6868,0.6737,0.0245,1.9811,1.4363,12.4379
-4.7908,-2.4868,-2.0545,-1.9121,-1.7108,-1.0546,0.9122,1.0608,1.6615,2.864,-2.0811,-1.2582,-0.9588,-0.4337,0.0254,0.7583,1.5881,1.6961,2.8784,3.0283,-3.3364,-2.4311,-1.9048,-1.7048,-1.0872,-0.23,0.022,1.0414,1.7134,1.8641,-1.2617,-0.5445,-0.5418,-0.2404,-0.0057,0.6953,1.4027,1.5001,2.1786,3.0361,-2.9637,-1.7694,-1.4386,-1.3249,-1.0452,0.5042,0.707,0.8855,1.674,2.3063,-3.2504,-1.6403,-1.5182,-1.194,-1.1099,-0.3825,0.1636,0.8272,1.0162,1.6088,-3.5564,-3.439,-1.232,-0.6074,0.077,0.234,1.7268,2.7121,2.9881,3.3506,-3.0043,-2.8019,-2.4595,-2.2927,-1.8171,0.2368,0.5969,1.5682,1.7438,2.4259,-1.597,-0.6254,0.3437,1.1049,1.1998,1.704,2.1622,3.5597,4.1698,5.5636,-7.5073,-3.447,-2.1985,-0.3238,0.7537,1.3667,2.2245,2.442,3.8084,7.6529,-0.389,0.3258,0.5292,0.9922,1.3024,1.7533,3.3726,4.4098,5.0922,5.7022,3.5675,21.9944,7.3754,3.9885,0.0,4.4848,1.6616,1.8391,8.5613,3.3338,4.0314
-4.2421,-2.9241,-2.4788,-2.273,-1.2143,-1.1207,0.4334,0.5284,1.5854,2.351,-1.7731,-0.8406,-0.8114,-0.3455,0.0596,0.6255,2.0036,2.0158,2.9173,3.0142,-3.2827,-2.2726,-1.9328,-1.3596,-0.4659,-0.2389,0.3828,1.2683,1.5103,1.8242,-1.1275,-0.8963,-0.4516,-0.0878,0.0372,0.3563,1.3721,1.6414,2.0329,2.742,-3.4963,-1.4126,-1.4025,-1.2996,-1.0017,0.3239,0.5918,0.9884,1.7221,1.9456,-3.3852,-2.0306,-1.8811,-1.2656,-0.7958,-0.1202,0.1045,1.1559,1.2743,1.8124,-3.9101,-3.6573,-1.0819,-0.2841,0.0894,0.4385,1.2913,2.8015,3.4122,3.7509,-3.3063,-2.5062,-2.3578,-2.0615,-1.5755,0.4312,0.664,1.4252,2.037,2.5017,-2.0296,-0.4014,0.2471,0.9374,1.2823,1.6681,2.1423,3.108,3.9894,5.4948,-7.9248,-3.9394,-2.0623,-0.7718,0.2519,1.0902,2.2728,2.7966,3.8953,8.2419,-0.514,-0.2004,-0.0207,1.1868,1.5577,1.8245,3.2872,4.2424,5.2656,5.3167,6.4918,6.7188,3.3093,7.68,10.8084,6.5116,1.6476,10.1098,2.0296,2.7496,1.333
-3.8057,-3.0252,-2.8759,-2.8533,-1.7447,-1.2536,0.1135,0.543,1.9414,2.1326,-1.5391,-1.0734,-0.8337,-0.78,-0.4285,0.3789,1.6336,2.2229,2.4099,3.1241,-2.9735,-2.4385,-1.7822,-1.7458,-0.8713,-0.7992,0.3292,1.481,1.5209,1.5422,-1.3725,-1.0512,-0.9756,0.0961,0.1743,0.8594,0.9142,1.6321,2.1101,3.2957,-3.0185,-1.9469,-1.8262,-1.6953,-0.6908,-0.2549,0.4076,1.1963,1.5407,1.999,-3.0841,-2.0363,-1.709,-0.8505,-0.7897,-0.0034,0.2065,1.1223,1.7035,2.2345,-3.4965,-3.2989,-0.9719,0.0333,0.0764,0.7089,0.8134,3.1044,3.621,3.9237,-3.0446,-2.8405,-2.8335,-2.4433,-2.0389,0.6169,0.8148,1.0316,2.0143,2.8763,-1.5514,-0.6468,0.4233,0.5961,1.3962,1.5719,2.2287,3.3248,3.5685,5.9632,-7.8777,-4.4805,-1.9116,-0.8406,-0.1139,1.4928,1.7191,2.7431,3.8464,8.6744,-1.1228,-0.3507,0.1447,1.6697,1.6872,2.2239,3.7438,4.5668,4.8103,5.6043,3.0288,11.9669,4.2804,4.9695,1.469,2.6849,2.1789,10.7276,6.8816,1.7508,4.2746
-4.1788,-3.5814,-2.8564,-2.5759,-1.7573,-1.1859,0.5425,0.6251,1.7779,2.4597,-1.5706,-1.3817,-0.8516,-0.5414,-0.2126,0.19,1.8603,2.2125,2.2255,3.7003,-3.0855,-2.6259,-2.234,-2.1555,-1.2457,-0.6644,-0.1708,0.9526,1.3092,1.3635,-0.8312,-0.5849,-0.4526,0.0096,0.5205,0.5888,1.108,1.3377,2.6566,3.6537,-3.4808,-2.2488,-2.2451,-1.3855,-0.8809,-0.8638,0.2396,0.9832,1.0383,1.969,-3.5202,-2.0914,-1.1761,-1.1349,-0.4277,-0.4272,0.6286,1.3977,2.0865,2.6169,-3.26,-2.7298,-0.4212,-0.4102,0.0972,0.2867,0.7928,2.5522,3.2541,4.0869,-3.0116,-2.7057,-2.4032,-2.3121,-1.4347,0.4283,0.5811,1.4648,2.4251,2.9225,-1.4,-0.6255,0.2433,0.7892,0.9898,1.3451,2.2392,3.0119,3.2353,5.8971,-8.2938,-3.9202,-1.8883,-1.3459,-0.5665,1.5461,2.1946,3.0111,3.9983,8.4614,-0.791,-0.5991,0.0095,1.2331,1.2912,2.7775,4.3484,4.7496,5.0148,5.434,10.1892,6.0545,19.3995,6.0962,16.3191,7.6991,16.1898,8.8911,12.3699,6.33,3.6162
-3.5611,-2.9695,-2.6573,-2.3751,-2.3267,-0.8451,0.173,0.9415,1.7107,2.5908,-1.3477,-0.8084,-0.4526,-0.1387,0.2457,0.6872,1.6502,1.9208,2.3578,3.3237,-3.648,-3.1088,-2.4266,-2.2733,-1.5181,-1.1636,-0.4289,0.7663,0.8427,0.9646,-1.4491,-0.469,-0.3251,-0.2593,0.5521,0.8112,0.9745,1.8082,2.1064,3.9769,-3.5579,-2.2963,-1.6522,-1.4612,-1.3489,-1.041,-0.2996,0.5923,1.0047,1.9597,-3.1679,-2.4258,-1.2952,-0.6971,-0.5803,-0.523,0.6631,1.6305,2.1351,2.268,-3.7961,-3.0055,-0.4526,-0.2284,-0.1909,0.349,1.1095,2.3867,3.0362,3.9345,-3.5885,-2.996,-2.1618,-2.0428,-1.674,0.0637,0.102,1.474,2.1455,2.8881,-0.9919,-0.2412,0.2042,0.4113,0.9553,1.5451,1.6499,2.8043,3.3544,5.4798,-8.0179,-3.8694,-1.4945,-0.8757,-0.083,2.1238,2.2273,3.5455,3.5813,8.4415,-0.6152,-0.4048,0.2054,1.7203,1.8084,3.1929,4.1241,4.6945,4.7087,5.0908,1.7148,1.409,3.9183,0.5001,9.078,5.1902,10.8088,9.7567,11.8169,8.3032,6.0675
-3.9857,-3.4954,-2.8924,-2.6123,-2.3145,-0.8615,-0.3029,0.8259,1.1867,2.4537,-1.3953,-1.1136,-0.0826,0.0988,0.702,0.7159,1.9935,2.0911,2.7668,2.775,-3.6013,-2.7308,-1.9749,-1.8977,-1.6502,-0.945,0.1269,0.6253,1.1829,1.4701,-1.7713,-0.2137,-0.1071,0.1718,0.3609,0.9946,1.4423,1.656,2.3637,3.7759,-3.5669,-2.2389,-1.6945,-1.0263,-1.0156,-0.6552,-0.6091,0.6747,1.4438,2.1792,-2.5927,-2.052,-1.1033,-0.9233,-0.5539,-0.096,1.2392,1.5752,1.6579,1.7596,-3.5126,-2.8494,-1.0376,-0.5395,0.0943,0.5372,1.6815,2.5671,2.9792,3.5887,-3.3992,-3.1702,-2.761,-2.2668,-1.1171,-0.3217,0.0987,1.5423,1.8363,2.9396,-1.3188,-0.1519,0.1511,0.6423,0.8631,0.9458,1.2604,2.6177,3.0171,5.6608,-7.6356,-3.2452,-1.0801,-0.6089,0.5278,2.1964,2.524,3.555,3.6821,8.7938,-0.6458,-0.1234,-0.0253,1.2662,2.0963,3.5524,4.2573,4.5923,4.9374,5.6795,6.2477,12.4566,3.8274,2.0913,42.536,2.0409,8.7364,0.1797,1.1263,5.1698,5.3365
-3.6213,-2.9559,-2.9068,-2.6556,-2.0327,-0.5529,-0.3507,1.0114,1.3098,1.8732,-1.5189,-1.5135,-0.4889,-0.4197,0.4804,1.0978,2.1916,2.4045,2.7394,3.2643,-3.7896,-3.3412,-2.4618,-2.0966,-1.8481,-0.6421,-0.4472,0.9103,0.9793,1.6683,-1.5564,-0.8013,-0.255,0.394,0.4202,0.6587,1.5083,2.0992,2.8761,4.2091,-3.6193,-2.0861,-1.7899,-1.1922,-0.6726,-0.2767,-0.2075,0.7099,1.5703,1.7492,-2.5616,-2.4284,-1.437,-1.3813,-0.0283,0.1381,1.7269,1.7387,1.7899,2.3298,-3.7961,-2.2442,-1.6291,-0.9169,0.6686,1.0628,2.0556,2.2787,2.7023,3.9201,-3.7834,-3.2499,-2.9091,-2.6102,-1.5493,-0.9255,0.4422,1.302,2.2166,3.1434,-1.7405,-0.0132,0.0806,0.2145,0.288,0.8371,1.3751,2.4919,3.1583,5.6655,-8.0365,-3.2856,-0.8549,-0.7609,0.4435,1.6359,2.5955,3.4832,3.936,8.3963,-0.2956,-0.0143,0.2371,0.8064,2.5828,3.4749,4.6984,4.7098,5.0925,5.5227,4.6596,10.6539,1.8171,3.9259,17.5566,4.8187,6.302,0.1587,2.3188,8.6588,8.458
-3.53,-2.8606,-2.6485,-2.535,-2.2597,-0.3782,-0.0946,0.4732,1.7708,1.8457,-1.5243,-1.2737,-0.4709,-0.2018,0.4926,1.1901,2.5143,2.544,2.9465,3.3828,-4.3241,-3.8732,-2.5929,-2.2665,-1.9831,-0.7118,-0.3733,0.3642,0.5805,2.0346,-2.1781,-1.1265,0.3246,0.6686,0.9627,1.1052,1.9596,2.5415,2.8458,4.2328,-3.2842,-2.658,-1.8925,-1.0547,-0.685,-0.1791,0.1394,1.0868,1.3655,1.4533,-2.9038,-2.8334,-1.5585,-1.0499,-0.0459,0.5742,1.7278,1.754,1.7947,2.2127,-3.814,-2.5987,-1.4041,-0.9941,0.8714,1.3477,1.7698,2.1805,2.2823,3.8335,-3.7018,-2.9732,-2.883,-2.803,-1.3365,-1.2719,-0.1677,0.9804,2.4107,2.5495,-1.3636,-0.3355,-0.2411,-0.177,0.7547,1.4472,1.8695,2.3749,2.8733,5.6475,-8.6366,-3.2111,-1.3553,-0.9981,0.5809,1.2023,2.2845,3.2187,4.0966,8.5605,-0.1212,0.1844,0.6306,1.3529,2.932,2.9925,4.7939,5.1403,5.2326,5.5886,4.6972,6.7117,1.0151,4.4519,34.4951,13.3542,43.78,3.2771,15.0945,8.194,7.1834
-3.6122,-2.9762,-2.7266,-2.4631,-2.4075,-0.7622,-0.3933,0.3897,1.7925,2.0629,-1.3561,-1.0815,-1.0609,-0.5568,0.3842,0.9722,2.4239,2.6309,2.9137,3.9065,-4.1771,-4.0321,-2.5567,-2.1395,-2.0534,-0.9693,0.0786,0.4854,0.7836,1.6221,-2.385,-1.6483,-0.0359,0.3735,0.736,0.8038,2.553,2.8088,3.3175,4.395,-2.9854,-2.53,-2.012,-1.1065,-0.7148,-0.3072,0.3152,1.1013,1.1181,1.5338,-2.934,-2.6636,-2.1036,-1.653,-0.6423,1.0872,1.5845,1.9526,2.1208,2.2213,-4.4361,-2.5395,-1.2155,-1.1665,1.4423,1.6419,1.8314,1.961,2.8021,3.7508,-3.8153,-3.3871,-3.3144,-3.1741,-1.3455,-1.2959,-0.0101,0.9998,2.4578,3.1687,-1.5219,-0.7251,0.1752,0.2348,1.0392,1.229,1.8282,2.103,2.5196,6.2245,-9.0989,-2.6008,-1.8441,-1.184,0.3187,1.0875,2.7667,3.4759,4.559,8.7312,-0.2408,0.4844,0.5687,1.361,2.9165,2.9543,4.7925,5.12,5.4171,5.7793,10.3566,4.5723,10.0495,35.0865,26.9954,8.5027,0.7489,7.4097,4.4619,4.2472,3.4757
-3.5892,-3.3239,-3.1277,-2.3862,-2.1418,-0.9168,-0.4941,0.9554,1.6841,1.9851,-1.4943,-1.4715,-0.845,-0.5033,0.382,0.7086,2.6031,2.9304,3.319,3.8289,-4.65,-4.529,-2.4779,-2.2184,-1.9619,-1.2024,-0.0329,-0.0153,1.0953,1.2492,-2.1035,-2.0215,-0.4718,-0.1498,0.8715,1.2912,2.2315,2.7252,3.397,3.7744,-3.252,-2.1192,-1.5925,-1.2269,-0.1016,0.2973,0.747,0.7617,1.6589,1.7025,-2.5454,-2.3185,-2.1165,-1.2066,-0.358,1.4132,1.7174,1.7684,1.8544,2.0674,-4.3375,-2.8837,-1.0858,-0.9033,1.0188,1.32,1.5924,2.0923,2.7193,3.2244,-4.0189,-3.9907,-3.5618,-2.7209,-1.7197,-1.0342,0.2288,1.3195,2.89,3.0453,-1.4602,-0.8378,-0.384,-0.3293,0.828,1.2232,1.4886,2.1477,2.8843,6.2004,-9.6023,-2.5835,-1.7802,-1.4801,0.3769,0.984,2.9568,3.3734,4.7794,8.7755,0.1974,0.5906,0.9305,1.2009,2.6023,3.0524,4.9716,5.3143,5.4051,5.437,1.7904,2.6224,17.6041,1.5338,35.5208,0.1133,1.1427,2.2016,8.5159,3.0606,20.2295
-3.6997,-3.6265,-2.9664,-2.1097,-2.0259,-0.3706,0.0326,1.5631,2.1737,2.4618,-1.9296,-1.0931,-0.9674,-0.5917,0.7113,1.2262,2.4105,3.0124,3.8739,4.2693,-4.5741,-4.5247,-2.3557,-2.3422,-2.0304,-1.6132,-0.3224,-0.2403,1.3336,1.4384,-2.383,-2.0493,-0.546,0.1568,1.3019,1.3443,1.6094,2.4783,3.1426,4.1249,-2.935,-2.2314,-1.7827,-1.5315,0.4957,0.6665,0.8494,1.3369,1.3854,1.6178,-2.0769,-2.0418,-1.5943,-1.4405,-0.3325,1.3837,1.8589,2.3384,2.413,2.4751,-4.2802,-2.2834,-1.4566,-1.1203,0.4775,0.8299,1.7246,2.5433,3.0017,3.1259,-4.1036,-4.0195,-3.5299,-2.4281,-1.4684,-0.465,0.3548,0.8137,2.9606,3.2118,-1.7207,-0.7432,-0.3412,0.0984,0.7561,1.1465,1.1917,2.5522,2.877,5.6309,-9.4416,-2.2472,-2.0003,-1.7193,-0.1411,0.3652,3.3878,3.717,5.0252,8.1561,-0.3662,0.3284,0.3675,0.9404,2.428,3.1204,5.002,5.6375,5.7363,5.9941,23.2329,5.0969,7.1153,2.0842,1.411,2.3233,0.658,10.9431,10.5123,1.2462,9.432
-3.5433,-3.2461,-2.5953,-1.6331,-1.5538,-0.4824,0.2098,2.0404,2.1626,3.0775,-1.9929,-1.3107,-0.7938,-0.5344,1.2896,1.5878,2.7637,3.1287,3.7361,4.5361,-5.0,-4.7389,-2.71,-2.5752,-2.0511,-1.4245,-0.6827,-0.1178,1.6656,1.7896,-2.647,-2.4836,-1.1054,0.3299,0.9063,1.2522,1.2916,2.2159,2.7181,3.7127,-3.1193,-2.1002,-1.9318,-0.9322,-0.0496,0.6814,0.824,1.0337,1.773,1.893,-2.4568,-1.8432,-1.7954,-1.0472,0.2467,1.5884,2.1094,2.5638,2.7906,3.0032,-4.4441,-2.1909,-1.6836,-0.9336,0.209,1.245,1.2696,2.5257,2.869,3.1305,-4.343,-3.9807,-3.8722,-1.89,-1.6653,-0.7493,0.8662,1.1447,3.0133,3.0733,-2.241,-0.7627,0.1131,0.1725,0.5307,0.7369,1.0135,2.4461,2.7837,5.9761,-9.1832,-2.5797,-2.0715,-1.7328,-0.2133,-0.2095,3.3143,3.9683,4.6553,8.4105,-0.3691,-0.2395,0.189,1.2209,2.4152,2.9285,5.1151,5.3024,5.8412,6.35,6.7929,1.9174,0.344,5.386,9.6753,0.0037,0.4243,5.5689,0.7397,3.3049,5.5101
-3.7029,-3.4957,-2.3067,-2.0674,-1.6532,-1.0541,-0.3019,1.558,1.9903,2.7231,-2.2411,-1.048,-1.0338,-0.1752,1.2255,1.4692,2.8883,3.1762,3.5942,4.6305,-4.7389,-4.6226,-3.1482,-2.522,-1.801,-1.4061,-0.5428,-0.5081,1.0987,2.1974,-2.9102,-2.0764,-1.5282,0.4791,0.9243,1.0811,1.2699,2.3468,2.64,3.3116,-3.3348,-2.2949,-1.8385,-1.2159,-0.1906,0.2848,0.3565,1.212,1.2696,2.3611,-2.3629,-2.3056,-1.6792,-1.6607,-0.1668,1.1356,2.4451,2.6442,3.1027,3.2093,-4.6325,-1.9654,-1.3193,-0.9149,-0.2986,0.8389,1.4087,2.133,2.413,3.0371,-4.5398,-4.5116,-3.4267,-2.3545,-1.2266,-0.5594,0.315,0.6603,3.2024,3.552,-2.2667,-0.8653,0.212,0.2321,0.3359,0.5553,0.6362,2.2202,2.8013,6.1134,-9.6026,-2.6655,-2.0568,-1.7465,-0.4872,0.2901,3.8536,4.0172,4.5187,7.8338,-0.7061,-0.2069,0.5715,1.29,2.8153,2.9913,4.5312,4.9312,5.2724,6.5879,0.8653,3.5129,8.5619,0.0,22.3428,6.9578,10.0447,4.6891,6.7267,1.045,1.2483
-3.2554,-3.2271,-2.5302,-1.6063,-1.1623,-1.0503,-0.5973,1.7886,2.0034,2.8647,-1.937,-1.3117,-1.2014,0.123,0.661,1.8764,2.398,3.173,3.5271,5.2167,-4.1456,-4.1345,-2.9913,-2.5271,-1.9302,-1.5138,-1.0918,-0.7689,0.5092,1.8551,-2.8507,-2.0739,-1.5653,0.7586,0.9862,1.1015,1.192,2.5985,2.826,3.3059,-2.758,-2.363,-1.3389,-0.7055,-0.2014,0.3334,0.5206,0.9373,1.5735,2.8932,-2.4169,-2.0985,-1.8311,-1.3768,0.1482,1.3608,2.5402,2.62,2.9532,3.3512,-5.1317,-1.8276,-1.6951,-1.1429,0.3048,1.2116,1.3108,2.3646,2.8759,3.082,-4.6382,-4.5232,-2.9559,-2.2377,-1.3515,-0.3938,0.0422,0.812,2.7319,3.5065,-2.2764,-0.9363,0.3756,0.4344,0.5657,0.7811,1.2392,1.9666,2.7644,6.4633,-9.7601,-2.6541,-2.2848,-1.5286,-0.525,0.0253,3.8859,4.4036,4.9176,7.3894,-0.8822,-0.7904,0.1671,1.0965,2.3587,2.9495,4.8576,5.0534,5.2059,6.5929,5.4017,8.7924,3.3328,4.953,0.0019,8.6422,3.6247,3.7566,5.529,7.7851,0.6889
-3.5426,-2.9815,-2.4537,-1.3947,-1.1161,-0.5777,-0.2724,2.0698,2.3605,2.7265,-1.5681,-1.3727,-1.026,0.249,0.259,1.8715,2.4001,3.54,3.7366,4.8812,-3.7224,-3.5687,-2.7646,-2.4295,-1.6293,-1.4652,-0.7281,-0.6649,0.4086,2.0595,-3.2027,-1.8724,-1.7283,0.5185,1.1947,1.2101,1.4945,2.2852,2.8268,2.9583,-2.7574,-2.6127,-0.866,-0.6591,0.075,0.0924,0.2267,1.095,1.9178,2.945,-2.5601,-2.3949,-2.1465,-0.9862,0.5103,1.0146,2.1454,2.9108,3.2234,3.3141,-5.0768,-1.9334,-1.3306,-1.1227,0.5658,0.7103,1.3784,1.8051,3.1453,3.1477,-5.1043,-4.209,-2.7039,-2.4507,-0.8569,-0.4837,0.2391,0.547,3.0175,4.049,-2.5696,-0.6314,0.087,0.1969,0.3009,1.0548,1.443,1.6819,2.359,6.8668,-9.5391,-2.7629,-2.1976,-2.0268,-0.8544,-0.3504,3.7143,4.4373,5.4808,6.9845,-1.2636,-0.2286,0.6451,0.7764,2.7102,2.7532,5.1156,5.3805,5.6645,7.2132,0.0,9.2194,7.6591,1.4629,4.4498,1.0965,11.949,0.8589,1.2035,4.4411,6.7185
-4.1084,-2.9643,-2.7896,-1.9967,-1.1577,-0.8472,-0.6088,1.4772,1.856,2.8018,-1.5951,-1.3849,-1.0092,0.0984,0.206,1.4395,2.5235,3.4164,4.0475,4.83,-3.5102,-3.4162,-3.0446,-2.4148,-1.9923,-1.0898,-0.9539,-0.2708,1.0104,2.3279,-3.4623,-1.824,-1.5664,0.6043,0.9302,1.1079,1.6653,2.6492,2.7079,3.2904,-2.9534,-2.3459,-0.9564,-0.4703,0.0581,0.2118,0.3111,1.3367,2.0456,3.3624,-2.2111,-2.2094,-2.0047,-1.3912,0.0529,1.5536,2.0365,2.7179,3.1918,3.5733,-4.7607,-2.0093,-1.9303,-1.7197,0.1736,0.9402,1.6306,1.99,3.2027,3.3264,-4.8085,-3.8624,-2.6586,-1.8863,-0.5706,-0.1462,0.106,0.8943,2.8226,4.4984,-1.9675,-0.7905,-0.1464,0.3113,0.5698,1.0032,1.6208,1.8635,2.2989,6.4877,-9.2952,-2.5651,-2.3742,-1.9573,-0.6079,-0.3628,4.2807,4.4902,5.8329,6.6046,-0.7092,-0.1904,0.1249,1.2862,2.7571,3.1182,5.0285,5.5631,5.7222,6.6418,4.5115,2.8756,9.1735,5.1246,0.3327,5.1214,5.0259,2.6699,0.7664,1.2442,4.3235
-4.726,-2.8064,-2.4121,-2.0985,-0.944,-0.8698,-0.8563,1.6081,1.7021,3.2139,-1.6003,-0.9047,-0.5628,-0.3727,-0.0799,1.5463,2.7385,3.9663,4.1034,4.4586,-3.9474,-3.4142,-2.9976,-2.4116,-1.6566,-0.8818,-0.5814,-0.3988,1.6293,2.7132,-3.2313,-1.8216,-1.4466,0.7579,0.8888,1.6829,1.7238,2.3937,2.7981,3.0276,-3.474,-2.344,-1.0112,-0.7711,-0.5556,0.3461,0.7657,1.2071,1.9685,3.2631,-2.8349,-1.9533,-1.8216,-1.5942,0.6092,1.3462,2.12,2.4252,3.1345,3.7238,-4.3299,-1.9925,-1.7355,-1.5042,-0.2639,1.1248,1.5447,1.7618,2.9653,3.1091,-5.3314,-4.3854,-2.1304,-2.0376,-1.0672,-0.0821,0.7239,1.1025,2.802,4.9713,-1.9754,-1.1508,-0.7084,0.0858,0.7811,0.9629,1.4487,1.9735,2.3031,6.138,-8.8797,-2.9309,-2.2051,-1.7447,-1.1744,-0.3796,3.8724,4.594,5.8905,6.2083,-0.2923,-0.2372,-0.1569,1.4898,2.4056,3.5268,4.6469,5.2555,5.5523,6.682,17.7408,5.3739,0.8207,2.1899,2.1445,0.0,6.2841,6.2039,1.16,6.8015,6.4577
-4.4883,-2.8387,-2.7606,-2.3243,-1.4774,-1.4423,-0.59,2.0712,2.1737,2.5983,-1.4064,-1.3853,-1.1568,-0.2558,0.1267,1.8299,3.324,3.9131,3.9698,4.1448,-3.9863,-3.5377,-3.0777,-1.9167,-1.4553,-1.3097,-0.6328,-0.1895,1.1169,2.6177,-3.038,-2.2397,-1.3017,0.3973,1.3496,2.1166,2.1999,2.5038,2.6142,2.9555,-3.2584,-2.9353,-0.9944,-0.6319,-0.5616,0.1881,0.8356,1.7088,2.2295,2.7214,-2.7846,-2.0317,-1.9045,-1.7274,0.0931,0.7943,2.3095,2.8508,3.5431,3.9053,-4.128,-2.0992,-2.0453,-1.598,0.1475,1.1856,1.5776,2.1302,2.42,3.3386,-5.3925,-4.7833,-2.0597,-2.016,-1.2589,0.3027,1.1519,1.2988,2.8402,5.1305,-2.58,-1.5621,-0.7106,-0.0492,0.8972,1.1019,1.5282,1.8394,2.3074,6.5123,-8.5794,-2.8499,-1.6373,-1.2919,-0.5731,-0.3952,4.1377,4.1557,5.5121,5.7509,-0.455,-0.4443,0.1495,1.2521,2.7327,2.9058,4.6852,5.62,5.876,6.231,3.8409,2.9957,19.8952,30.0516,0.4553,4.5601,26.385,12.254,2.3045,8.8905,1.9533
-4.1413,-3.3808,-2.7685,-2.5182,-1.905,-1.4584,-0.6858,2.2873,2.5248,2.7286,-1.6489,-1.5025,-0.9938,-0.5369,0.4187,1.6952,3.145,3.3487,3.5798,4.0191,-4.0522,-2.9979,-2.8425,-1.9548,-1.3161,-1.3026,-0.0375,0.3055,1.4967,2.6291,-3.3153,-2.718,-1.9159,0.8418,1.9536,2.0159,2.0642,2.1036,2.9374,3.0592,-3.3816,-3.1417,-1.2844,-0.1373,-0.1143,-0.0175,0.2299,2.1774,2.7228,2.8385,-2.322,-2.2557,-2.1573,-1.9747,-0.4723,0.7592,2.4134,2.5846,3.3158,3.6527,-4.5615,-2.2071,-2.1481,-1.2372,0.0674,0.8399,1.3996,1.7906,2.8915,3.5249,-5.1777,-5.0154,-2.4797,-1.7392,-1.5206,0.3521,1.3674,1.5892,3.2663,4.563,-2.6252,-1.1466,-0.4164,-0.2475,0.9078,1.2176,1.3618,1.3623,2.2451,6.6498,-8.2997,-3.1847,-1.8843,-1.1243,-0.3305,-0.0758,3.6915,4.3447,4.9252,5.8985,-0.9042,-0.5384,-0.4574,1.8551,2.8342,3.0664,4.8153,5.2397,6.2302,6.5742,1.4547,1.3309,5.6955,12.6747,4.1725,5.2338,4.8426,4.4326,4.1419,0.8818,10.7404
-3.8693,-2.8051,-2.5987,-2.4856,-2.3834,-1.1056,-0.933,2.249,2.671,3.0114,-1.4971,-1.4315,-0.6776,-0.4833,0.7131,2.1449,3.0334,3.4365,4.1613,4.3884,-4.3899,-2.7863,-2.2618,-1.7305,-1.2729,-1.0164,-0.1765,0.6401,1.8709,2.7198,-2.8682,-2.352,-1.4436,0.8827,1.5188,2.3144,2.3178,2.4586,2.5426,3.0798,-3.1103,-2.9353,-1.873,-0.5141,-0.3722,0.0654,0.5534,2.3608,2.4015,3.2011,-2.6194,-2.189,-1.6857,-1.4203,-0.6554,0.2294,1.8972,2.602,3.2555,3.6133,-4.1066,-2.6872,-2.3333,-1.2913,-0.031,0.3775,1.1942,1.3801,2.3196,2.9042,-5.0731,-4.8651,-2.8622,-1.467,-1.3727,0.2952,1.7834,1.8484,3.1526,4.7803,-2.9609,-1.6474,-0.1753,0.2816,0.3405,1.3531,1.4363,1.6543,2.5459,7.2585,-8.081,-3.5793,-1.9541,-0.5855,-0.002,0.0321,3.921,4.3668,4.4513,5.9174,-1.3655,-1.0622,-0.8265,2.4789,2.5253,3.1186,5.0927,5.5466,6.1842,6.7853,4.2142,6.7382,13.355,9.1148,7.0831,2.8635,8.1381,6.1458,5.9354,18.1566,3.9798
-4.3944,-3.3952,-2.7092,-2.5151,-2.0016,-1.2227,-0.7226,1.9973,3.2035,3.5964,-1.8631,-1.4534,-0.9532,-0.867,0.6299,2.4934,2.7923,3.6225,3.6758,3.9704,-4.4652,-2.5982,-1.9342,-1.2372,-1.0189,-0.8677,-0.5361,0.9746,2.057,2.4429,-2.6969,-2.1861,-1.665,0.9065,1.0614,1.8794,1.9766,2.5734,2.7107,2.7528,-3.1388,-3.0823,-1.6439,-0.7165,-0.1469,-0.1012,0.218,2.4809,2.8396,3.0613,-2.4891,-2.2372,-2.0078,-1.1801,-0.7922,0.4919,1.8865,2.0468,3.2245,3.8274,-3.8739,-2.5645,-1.9055,-1.9024,0.4799,0.8449,1.1003,1.3668,2.282,3.4748,-4.955,-4.4658,-2.5151,-2.0478,-0.8567,0.2335,1.1908,2.0387,3.3877,5.3156,-2.7968,-2.2137,-0.0928,0.1716,0.3418,1.2561,1.7903,2.021,2.1755,7.2583,-8.1682,-3.8657,-2.4222,-0.2935,0.0276,0.6064,3.9486,4.1457,4.4607,5.4664,-1.1318,-0.4404,-0.3942,2.3244,3.0747,3.5666,4.9968,6.0343,6.2372,6.7736,13.4422,1.6996,4.8732,7.0275,7.4634,2.6954,1.4606,18.4917,2.26,0.9747,5.0616
-5.0006,-3.3978,-2.8752,-2.2786,-1.6718,-1.5709,-0.427,2.5844,3.0351,4.1226,-1.379,-1.3198,-0.5967,-0.4012,0.09,2.4177,2.817,3.6571,4.1035,4.2908,-4.5936,-2.1069,-1.9212,-1.3683,-1.2451,-1.0208,-0.9847,1.5925,2.0553,2.6211,-2.5635,-2.563,-1.9483,0.43,0.6221,1.9557,2.3658,2.4511,2.4754,2.9874,-3.1983,-2.9535,-1.6464,-0.8985,-0.604,0.4649,0.5581,2.7645,2.8393,3.1894,-2.6347,-2.0824,-1.7269,-0.7239,-0.5858,0.6686,1.5128,2.0107,3.5323,4.3529,-3.7329,-2.1866,-1.6228,-1.2965,0.518,0.7419,0.9501,1.5431,2.5845,3.371,-5.2128,-4.5693,-2.5832,-1.4364,-0.6329,-0.2968,1.7431,1.811,3.8956,5.1936,-3.4034,-2.1846,-0.4468,-0.1386,0.6819,0.9683,1.5521,2.1686,2.599,6.9877,-7.6152,-3.3506,-2.8279,-0.78,0.15,0.2576,3.5034,4.0015,4.1676,4.9264,-1.5961,-0.6954,-0.066,2.4344,2.8044,3.778,4.8559,5.7969,6.6686,6.849,3.5445,3.5013,2.1955,19.5702,7.6408,9.6297,0.7758,8.3739,10.3111,6.2219,3.3611
-5.6206,-4.0075,-2.7854,-1.8926,-1.75,-1.6704,-0.2485,2.7383,3.0943,3.9203,-1.1011,-1.0925,-0.8954,-0.7751,0.0015,2.4605,2.8371,3.5026,4.2222,4.3371,-5.1913,-2.135,-1.6157,-1.4987,-1.1458,-0.9137,-0.8185,1.7981,2.0397,2.3262,-2.7672,-2.3366,-1.5376,0.0727,0.5736,1.7904,1.8547,2.0624,2.2982,3.0994,-3.3796,-2.6547,-2.0387,-0.9451,-0.4789,0.5547,0.5949,2.3453,2.8152,3.189,-2.5474,-2.1372,-1.3175,-0.671,-0.1182,1.1705,1.9556,2.4658,3.5555,4.1337,-4.3192,-2.4761,-2.194,-0.8931,-0.094,0.2315,0.4213,0.9613,2.8035,3.056,-5.3217,-4.626,-2.6864,-1.7446,-0.9784,-0.322,1.3264,2.0355,3.7404,4.8616,-3.0575,-2.4512,-0.2602,0.4565,0.464,0.8278,1.4819,1.6305,2.9865,7.0294,-7.0433,-3.7965,-2.944,-0.6333,0.6375,0.7533,3.7492,3.8242,4.7264,5.326,-1.4504,-1.1921,0.0397,1.8759,2.7655,3.3844,5.1116,5.8466,6.2171,6.5126,10.4131,4.3526,0.2439,2.9611,1.8531,1.2501,0.8806,0.1936,4.6232,28.9289,1.1481
-5.715,-3.7317,-2.5132,-1.7092,-1.3608,-1.3474,-0.7331,2.4072,2.733,3.4326,-1.1094,-0.9978,-0.9956,-0.7902,0.4135,2.4294,3.0265,3.9748,4.2163,4.7205,-4.5802,-1.9361,-1.8387,-0.959,-0.9486,-0.6739,-0.6499,1.7871,1.9217,2.8408,-2.5703,-1.9227,-1.2866,0.2492,0.4118,1.8839,1.982,2.2476,2.7975,2.7989,-3.0503,-2.9767,-1.5224,-1.5098,-0.7742,0.0591,0.7335,2.2845,2.5932,2.8397,-2.9389,-2.4115,-1.7813,-0.6163,-0.4101,1.7903,2.1157,2.6095,3.4028,4.5324,-3.9769,-2.7933,-2.3651,-0.5832,-0.3553,0.5397,0.6642,0.8888,2.9137,3.0338,-5.4511,-4.3006,-3.0884,-1.2295,-0.8578,0.3003,1.6458,1.9859,3.7692,4.4824,-3.3493,-2.3486,-0.3998,0.3132,0.6891,1.2879,1.393,2.2258,2.5041,7.5435,-7.1711,-3.9363,-3.0454,-0.3626,0.5261,0.6831,3.1632,4.225,4.4207,5.1659,-1.1711,-1.0616,0.5657,2.1236,2.452,3.1559,5.6309,5.6364,6.1057,6.4591,2.7888,2.2252,19.4033,5.9969,9.7312,2.4301,4.4517,1.8608,9.4054,4.5385,8.1555
-5.5151,-3.5942,-2.6935,-2.018,-1.8638,-1.6091,-0.8411,2.1496,2.3073,2.9449,-1.526,-1.15,-1.113,-0.4768,0.9183,2.7346,2.912,4.1398,4.807,4.9155,-4.9117,-2.0235,-1.9097,-1.2596,-1.1725,-0.8833,-0.1831,2.0934,2.2405,3.0691,-2.7473,-2.3583,-1.395,0.7066,0.7202,1.6503,1.9812,2.4048,2.6877,3.2871,-2.8589,-2.8392,-1.9,-1.7675,-0.7378,-0.5146,1.1045,2.1893,2.7252,2.8572,-3.1403,-2.9701,-1.4141,-0.842,-0.1417,1.576,2.302,2.9123,3.2281,4.9051,-3.6033,-3.0265,-1.8459,-0.8749,-0.311,0.371,1.0036,1.4487,2.8974,3.11,-5.1926,-3.779,-3.3694,-1.7917,-1.2207,0.3489,1.264,1.6659,3.4255,3.9226,-3.8287,-2.0438,-0.7541,-0.0011,0.4981,1.3051,1.8748,2.8177,3.0242,7.4379,-7.7733,-3.9172,-3.2334,0.0926,0.5036,0.938,2.8702,3.68,4.0621,5.2218,-1.4333,-0.7549,0.561,2.0267,2.6905,3.0291,5.9463,5.9845,6.1143,6.1952,0.2785,2.5927,5.4491,3.8915,9.2193,4.2923,8.9797,16.144,1.3138,2.892,5.3916
-5.5779,-3.4046,-3.1933,-1.8145,-1.5527,-1.0316,-0.6304,2.5061,2.6023,2.7514,-1.5374,-1.2522,-0.8673,-0.6388,1.2584,2.2911,3.3115,3.9338,4.6258,4.7797,-4.7737,-2.3797,-1.5906,-1.5561,-1.2019,-0.6699,0.4377,1.9783,2.4135,2.9475,-2.9465,-2.808,-1.7015,0.1682,0.5247,1.5206,1.9028,2.1099,2.3257,2.9027,-3.2542,-2.8968,-2.3122,-2.2117,-0.2347,-0.1711,1.2342,2.2277,2.3824,2.9957,-3.06,-3.0504,-1.5065,-0.4859,-0.2397,1.9976,2.1025,2.7152,3.321,4.5914,-2.9837,-2.655,-1.5584,-0.6332,-0.2735,0.1355,0.9378,1.13,3.2633,3.3191,-5.7387,-4.2555,-3.1949,-1.425,-0.8485,0.6356,1.074,2.0769,3.5656,3.5993,-3.2481,-2.0138,-0.5027,-0.231,0.1942,1.2424,2.2897,2.8045,3.5073,6.9591,-7.5393,-4.2673,-3.705,-0.0561,0.9238,1.4344,2.5647,3.8606,4.5911,5.8444,-1.5138,-0.5158,0.9849,1.6102,2.7267,2.8107,5.6587,5.7107,6.0807,6.3933,1.5337,1.237,29.1133,0.3792,9.8601,1.9479,1.0929,3.3041,0.7921,9.5151,6.3344
-4.9559,-3.2667,-3.1621,-1.6089,-1.451,-1.4314,-0.8928,2.2976,2.3868,2.4779,-1.1293,-1.0859,-0.9142,-0.6434,1.3818,2.0544,3.1245,3.4496,4.3273,4.7605,-4.5121,-2.9568,-1.9225,-1.6968,-1.62,-0.4705,0.4803,2.3405,2.8661,3.5356,-2.4266,-2.2296,-1.8897,0.7512,0.8545,0.9774,1.6252,1.8499,2.6406,2.7204,-3.1873,-3.0091,-2.0874,-2.0312,-0.1929,0.0025,1.2734,2.5344,2.6028,2.8425,-3.6332,-3.2469,-1.072,-0.7396,0.1558,2.179,2.5763,2.6024,2.8352,4.596,-3.0343,-2.5789,-1.8894,-1.1779,0.1533,0.3374,1.0765,1.1764,2.7661,3.7243,-5.5167,-4.7327,-2.8408,-1.6421,-0.2576,0.0358,0.8531,1.9552,3.1854,4.1355,-3.2492,-2.0986,-0.4796,0.2458,0.3604,1.2923,1.8515,2.8294,3.5134,6.84,-8.1458,-4.6235,-3.3889,-0.3021,1.2938,1.5847,2.6259,4.0841,4.2644,5.8409,-2.1341,0.0588,0.8336,1.8509,3.0115,3.3348,5.5009,5.5571,5.9071,6.8202,11.2652,4.0866,6.303,3.5156,1.0715,2.5769,2.9108,3.9879,3.3318,1.5692,12.1283
-5.3428,-3.588,-3.349,-1.7292,-1.226,-1.1814,-0.979,2.1213,2.6713,2.9651,-1.138,-1.0438,-0.4667,-0.2967,1.0651,1.9534,2.8381,3.6612,4.447,4.6952,-4.4786,-2.6666,-2.2,-1.4725,-1.1696,-0.1547,0.499,2.2227,3.2054,3.5831,-2.2801,-2.2737,-1.9321,0.845,0.8993,1.0624,1.1599,1.4418,2.8468,3.111,-3.6182,-3.1089,-2.2871,-2.0077,-0.5313,-0.4163,0.7308,2.2249,2.423,2.4696,-3.5092,-3.3418,-0.5288,-0.3325,0.043,1.7937,2.7288,3.0381,3.0952,4.4598,-2.762,-2.2758,-1.9819,-1.2373,-0.3819,0.0073,0.482,1.6972,2.9019,3.6547,-5.3174,-4.5507,-3.0519,-1.4375,-0.4588,0.4084,1.138,1.6612,3.093,4.3114,-2.9554,-2.3715,-0.084,0.422,0.4422,1.6935,1.8137,3.3551,3.7815,6.6003,-7.5753,-4.0478,-3.1132,0.0377,1.2389,1.9143,2.411,3.6662,3.8987,5.4295,-2.4969,-0.3549,0.3743,2.0169,3.1425,3.6108,5.1516,5.4707,6.439,7.0388,0.6018,9.8272,3.5944,1.3222,4.6281,4.8474,23.4531,2.9232,12.8257,4.8154,8.6027
-5.5314,-3.9075,-3.8688,-1.5978,-1.3181,-1.2032,-1.0157,2.2596,2.3103,2.8418,-1.6255,-0.9974,-0.9729,-0.415,1.2519,1.6368,3.2388,3.4329,4.7144,4.9627,-4.0383,-3.1763,-2.2909,-1.4892,-1.0901,-0.2974,-0.0146,2.1917,3.5634,3.6474,-2.2185,-1.8753,-1.7438,0.6979,0.8607,0.9557,1.1812,1.1974,3.0087,3.3704,-3.3382,-3.3208,-2.605,-1.9148,-0.9651,0.0563,0.9602,1.8934,2.0667,2.2936,-3.6473,-3.2264,-0.9487,-0.6998,-0.4046,1.2933,3.036,3.5846,3.6026,4.7819,-3.1486,-2.8269,-1.8618,-1.5537,-0.8878,-0.3973,-0.1058,1.6537,2.7959,3.981,-5.5227,-5.0449,-3.3759,-1.6146,-0.6342,0.3628,1.4119,1.7288,3.1219,3.7361,-2.634,-2.0822,-0.4052,-0.0568,0.6324,1.8471,2.1125,3.9316,4.2815,6.3252,-7.6182,-4.4325,-2.9148,0.4162,1.0992,1.6516,2.678,3.7256,4.0301,5.0605,-2.7516,-0.9608,0.7028,2.37,3.0896,3.681,4.7122,5.7904,6.4068,7.6368,8.1482,1.3597,7.0125,0.2088,9.6256,7.7724,13.9586,0.4468,1.3609,1.142,0.6495
-5.207,-3.7715,-3.4421,-1.8065,-1.5096,-1.4506,-0.5918,1.9391,2.691,2.7607,-1.3975,-1.2298,-0.9398,-0.7799,0.8006,1.0452,3.0105,3.6504,4.9312,5.0946,-3.8828,-3.7411,-2.7175,-1.7157,-1.3176,-0.0212,-0.0009,1.7368,3.1435,3.2755,-2.2138,-2.0493,-1.7747,0.5128,0.6521,1.0313,1.509,1.7007,3.186,3.9476,-3.2599,-2.8752,-2.3473,-2.2245,-1.1867,0.4087,0.5266,1.8974,2.1845,2.3577,-4.0475,-2.9195,-0.7908,-0.4696,-0.1003,0.7907,2.9317,3.5645,4.0452,5.3111,-3.0972,-2.4803,-2.0949,-1.5488,-1.4428,-0.5687,0.0437,2.25,3.3051,3.6439,-5.5267,-4.6615,-3.0332,-1.4233,-0.6032,0.5851,1.368,2.1024,2.6784,3.4514,-2.8921,-2.5291,-0.6158,-0.1539,0.0253,1.6705,1.7822,3.8938,4.0106,5.8195,-7.6949,-4.1118,-2.8644,0.8834,1.109,2.002,2.5647,3.4797,3.7263,5.0893,-2.4908,-1.219,0.4079,1.8661,3.2614,3.2691,4.7735,6.3662,6.9066,7.169,14.4794,0.7162,15.1088,2.1006,6.9544,23.5988,3.7852,50.4596,4.3739,1.2178,18.2859
-4.7347,-3.6274,-2.8408,-1.8324,-1.3706,-1.3054,-0.1565,1.4561,2.2558,2.5996,-1.9344,-1.5461,-0.9539,-0.5676,0.442,1.2481,3.1446,3.6639,4.825,5.3165,-3.5231,-3.135,-3.0495,-1.6834,-1.4178,-0.5202,-0.4036,1.184,3.0133,3.034,-2.6735,-1.6604,-1.2651,0.4479,0.912,1.2101,1.3521,1.8729,3.2416,4.2073,-3.5298,-3.0525,-2.6172,-1.758,-0.6159,0.3233,0.7673,1.4332,1.721,2.5755,-4.3414,-3.2506,-1.3183,-0.5334,-0.0623,0.9819,3.1754,3.4277,3.5088,5.7552,-2.7164,-1.9114,-1.6221,-1.5797,-1.1645,0.0267,0.0443,2.3546,3.1998,4.1171,-6.0121,-5.235,-3.3442,-1.8846,-0.7269,0.5762,1.735,1.9188,2.3843,3.2145,-3.2318,-2.7876,-0.4919,-0.4561,0.4698,1.2112,2.1784,3.6412,3.7532,5.7792,-8.0013,-4.227,-2.3182,0.5118,0.9211,1.6909,2.5746,3.6451,3.6666,5.218,-1.9531,-1.5493,-0.1824,2.0514,3.0658,3.6021,4.4451,6.0885,6.6466,7.2722,2.6474,2.2364,15.9152,3.3791,12.9135,3.6274,27.0907,6.0993,23.1515,4.5257,7.05
-4.5084,-3.5675,-2.5549,-2.2627,-1.5823,-0.8034,-0.5248,1.4621,1.9129,1.9899,-1.8146,-1.7172,-1.193,-0.6252,0.5661,1.0003,3.5659,3.8442,5.1342,5.3308,-3.6829,-2.9186,-2.5945,-1.7323,-1.1315,-0.2986,-0.1596,1.3431,3.4122,3.5737,-3.1326,-1.4459,-1.0865,0.0678,0.9299,1.2605,1.4297,1.7791,3.3356,4.0421,-4.0029,-2.9017,-2.5964,-2.1314,-1.0431,0.4871,0.872,1.381,1.384,2.526,-3.8847,-2.8002,-1.7867,-0.3092,-0.1842,1.1565,3.0125,3.2146,3.8445,6.13,-2.6235,-2.0489,-1.8224,-1.4051,-1.0461,0.3372,0.6059,1.9452,2.6281,3.9865,-6.1044,-4.6197,-3.5612,-1.5004,-0.1107,0.8558,1.163,2.0066,2.4393,3.4094,-3.3832,-3.3532,-0.3688,0.1408,0.7861,1.7655,2.1493,3.4098,4.2256,5.8072,-7.5136,-4.2818,-1.9662,0.4979,0.5631,2.0817,2.1115,4.0335,4.226,5.506,-2.1195,-1.5859,-0.2185,2.6119,3.0614,3.3494,4.1009,6.2941,6.3166,6.8642,1.6216,4.4174,0.2852,0.9347,2.876,3.6992,6.7581,3.1296,21.077,10.6783,8.7183
-4.1244,-3.4704,-2.66,-2.1312,-2.0831,-0.6504,-0.3494,1.6679,1.9133,2.3397,-1.6133,-1.2548,-0.9339,-0.5106,0.6634,1.2196,3.3026,3.675,4.791,5.5183,-3.7064,-3.4748,-2.5272,-2.1527,-1.6791,-0.522,-0.0838,0.7374,2.9348,2.9994,-2.86,-2.0426,-1.5589,-0.5437,0.3878,1.7813,1.8232,1.9326,3.2835,3.5422,-4.4777,-2.6228,-2.3916,-2.357,-0.8966,0.7142,0.8313,1.1763,1.5644,1.9189,-3.7929,-2.7859,-1.5751,-0.5124,0.3261,1.0741,2.5781,3.231,4.1406,6.534,-2.857,-2.2537,-1.8628,-1.239,-0.9193,-0.2186,0.8081,1.6698,3.1803,3.6203,-5.5296,-4.0435,-3.1057,-1.1583,0.1824,0.9762,1.4325,2.1239,2.3406,2.9873,-3.4379,-2.8356,-0.3056,-0.0732,1.2855,1.5652,1.586,3.5248,3.8287,5.3688,-7.3296,-3.9283,-1.8713,0.2726,1.0065,2.3434,2.5372,4.4367,4.7055,6.0621,-2.5913,-2.0137,-0.2393,2.9127,3.1986,3.2542,4.2627,6.6135,6.8248,7.104,0.0175,0.1766,7.7106,4.297,6.5512,1.9764,2.6552,2.4741,1.5822,11.4125,2.0029
-3.9254,-3.8849,-2.8412,-1.9199,-1.5683,-1.0542,0.2547,1.5613,1.7933,1.8084,-1.4086,-1.2366,-1.061,-0.1015,0.9115,1.0267,3.4422,3.8049,4.585,6.0865,-4.0585,-3.9375,-2.0045,-1.9813,-1.8972,-0.5424,-0.4816,0.9907,2.3976,2.9526,-3.4424,-1.4182,-1.2343,-1.0329,0.8572,2.016,2.1004,2.3398,3.2723,3.7055,-3.9074,-2.96,-2.8288,-2.4772,-1.019,1.3271,1.4311,1.4406,1.7016,2.1757,-3.4605,-3.218,-2.1837,-0.3388,0.2795,0.6151,2.2673,3.1484,4.0876,5.9567,-2.3209,-1.8422,-1.8212,-1.0867,-0.7161,-0.1596,1.0938,1.1566,3.6051,3.8178,-5.5261,-3.4482,-2.8394,-1.1713,-0.0453,0.9861,1.0308,1.8261,2.0311,3.1588,-3.4211,-3.1049,-0.5124,-0.1361,0.9904,1.2758,2.1807,3.4766,3.9721,5.7547,-6.7857,-3.3117,-1.3758,-0.3125,1.4977,1.8345,1.9616,4.1456,4.2456,6.147,-3.0253,-2.5815,-0.8634,2.7668,3.1971,3.344,3.9914,6.2241,6.2454,7.6041,6.5432,6.8174,18.3385,2.1311,1.6828,9.2749,12.7073,4.8048,6.4917,3.4883,4.1228
-4.5036,-3.7892,-2.4166,-2.1494,-1.0966,-0.9745,0.3828,1.5033,2.3215,2.3857,-1.4209,-1.3633,-0.5754,0.2177,0.4062,0.8913,3.6212,3.8062,4.0184,5.8602,-4.2985,-4.2833,-2.5736,-1.9434,-1.7501,-0.9826,-0.8374,1.4849,2.348,2.6699,-2.8568,-1.6269,-1.5549,-1.2468,0.7083,2.0917,2.1498,2.2458,3.2461,3.7271,-3.8293,-3.4303,-3.4018,-1.9053,-0.7101,1.2442,1.4401,1.5278,1.563,2.3327,-3.776,-2.6124,-2.5851,-0.1928,0.0133,0.9333,2.6691,3.6839,3.7812,6.1294,-2.076,-2.0293,-1.8301,-1.1818,-0.8774,0.3723,1.2867,1.5997,3.0385,3.5045,-5.0125,-3.0935,-2.6997,-0.8665,-0.4195,1.4114,1.4367,1.7851,2.6097,2.8841,-3.9964,-2.9592,-0.769,-0.2894,1.3008,1.3963,2.7344,3.7217,4.5019,6.0482,-7.0807,-3.6928,-1.5582,-0.5165,1.8248,1.9097,2.5661,3.696,4.6198,6.1164,-3.0279,-2.7906,-0.2928,2.1584,2.9801,3.8368,4.3272,5.6218,6.0419,7.0923,7.3763,1.5555,6.9506,11.304,2.6788,22.6616,2.4015,9.0861,4.2068,6.7106,4.6092
-5.0735,-4.3105,-2.3435,-1.9652,-1.7213,-1.3937,-0.0104,2.0773,2.1269,2.3418,-1.8932,-1.3565,-0.2249,-0.1769,0.093,0.8817,4.1631,4.3074,4.4193,6.4837,-4.6242,-4.5165,-2.1525,-2.1102,-1.5708,-1.2195,-1.0599,1.8847,2.7099,2.9103,-2.3197,-2.1448,-1.8618,-1.5801,0.4075,2.024,2.2007,2.431,2.8179,4.296,-3.7178,-3.5101,-3.3027,-2.1494,-0.3989,1.4663,1.5263,1.7645,1.7835,2.0359,-3.5649,-2.7755,-2.6549,-0.779,-0.0281,1.4794,2.3631,3.0879,3.462,6.4197,-2.2876,-1.8683,-1.5261,-1.4213,-0.4345,0.5106,0.8457,1.2465,2.9722,3.6369,-5.5387,-2.8041,-2.2286,-1.2425,-0.2501,1.3721,1.8356,2.1385,2.4197,2.6841,-3.5214,-2.3642,-0.9592,-0.0382,1.6918,1.7993,2.3672,4.2557,4.998,5.8663,-7.6628,-3.8217,-1.8255,-0.7636,1.6972,2.3885,2.677,3.8751,4.6283,6.6658,-2.9636,-2.6117,-0.411,2.7421,2.8588,3.9142,4.0454,5.769,5.8471,6.754,1.6822,3.8243,2.5034,0.1448,1.4137,3.3528,1.9165,1.9877,9.8605,5.3891,6.8034
-5.3674,-4.8891,-2.1337,-1.8486,-1.7323,-1.21,0.4555,2.3318,2.4965,2.778,-2.0793,-0.7478,-0.3874,-0.0169,0.3832,0.5455,4.1291,4.3454,4.7268,6.1987,-4.4084,-4.2566,-1.7869,-1.7299,-1.6163,-1.391,-0.5662,2.055,2.2662,3.4618,-2.6621,-2.1374,-1.9625,-1.7439,0.9029,2.0951,2.2173,2.5019,2.5215,4.0812,-3.8265,-3.7281,-3.6867,-2.377,-0.1298,1.8362,1.9805,1.996,2.0124,2.2568,-4.0684,-3.2377,-3.1862,-0.4912,-0.3275,0.9074,2.6172,3.0486,3.9847,6.4306,-2.1295,-1.9353,-1.4805,-1.4418,-0.1265,0.5789,0.6933,0.8564,2.5289,3.3978,-5.2581,-2.6872,-2.6302,-0.6863,-0.2215,1.7597,1.83,2.3746,2.5251,2.547,-3.918,-2.4892,-0.5799,0.4837,1.0739,1.9433,2.9369,3.673,4.5065,6.3657,-7.734,-3.2134,-2.0473,-1.015,1.4738,2.2916,2.9437,3.5189,5.2351,6.4292,-3.2558,-2.249,-0.5465,2.4935,2.8591,4.2604,4.3639,5.9529,5.9793,6.3245,1.2632,1.5459,0.9538,2.7086,9.2393,6.4796,3.4335,7.1969,6.9203,4.2762,3.3685
-5.0355,-4.4941,-2.3205,-2.233,-1.9354,-1.2431,0.9197,2.6684,2.8197,2.949,-2.5515,-0.9375,-0.1402,0.1736,0.2845,0.6556,3.5486,4.3115,4.6062,6.7301,-4.5261,-3.7882,-1.9796,-1.921,-1.329,-1.2462,-0.1265,1.5565,1.7422,3.8523,-2.5517,-2.4089,-1.8073,-1.7106,0.3003,1.6774,1.9305,2.5379,2.7224,4.1512,-4.2032,-4.0514,-3.3044,-2.4982,-0.2204,1.5884,1.8666,2.1259,2.2392,2.3981,-3.4996,-3.3506,-2.7854,-0.7773,-0.2599,1.0283,2.9678,3.5024,4.2093,6.6096,-2.6757,-2.0498,-1.6353,-1.3437,-0.281,0.3421,0.7587,1.1636,2.9795,3.1414,-5.5278,-3.1019,-2.4741,-0.1059,0.0725,1.9748,1.9804,2.3707,2.4007,2.4497,-4.156,-3.0389,-0.0735,-0.0517,1.136,2.2729,2.411,4.0366,4.1856,6.3358,-7.4483,-2.614,-2.4215,-1.5068,1.6533,2.1092,3.0072,3.0362,5.2963,6.7033,-3.3582,-1.7135,-0.2336,3.0724,3.3439,4.2863,4.3352,5.9224,6.4572,6.6238,1.707,10.8602,3.5081,8.5703,1.2029,5.9813,5.345,31.0916,14.3961,7.0685,4.9429
-5.1167,-4.9656,-2.9434,-2.2811,-1.7998,-0.9617,0.6356,2.3158,2.6478,2.6801,-2.7026,-1.0604,-0.3926,0.0717,0.7216,1.2496,3.7437,4.0935,4.3158,6.3668,-4.6615,-3.4972,-2.1507,-1.8513,-1.6313,-1.0896,0.3382,1.3652,1.5868,4.0187,-2.3138,-1.9786,-1.8724,-1.3052,0.9155,2.0501,2.1897,2.412,2.9258,4.6546,-4.2186,-3.5876,-3.575,-2.0609,0.3911,1.1719,1.7918,1.9251,2.509,2.8532,-3.3754,-3.3529,-2.9526,-1.1502,-0.1494,1.4189,2.5874,3.9075,4.2731,6.9591,-2.8656,-2.4937,-1.3883,-1.148,-0.1406,0.1606,0.5907,1.4821,2.8397,2.9936,-5.0873,-3.3662,-2.8687,-0.2914,-0.1081,1.4631,2.0274,2.1084,2.1953,2.6462,-3.8258,-2.7346,-0.6808,-0.3525,1.524,2.4606,2.9808,3.827,3.9527,6.189,-7.4918,-3.033,-1.9926,-1.7765,2.0526,2.0745,2.5388,3.1944,5.1537,6.7866,-3.1345,-1.4712,0.3061,3.5145,3.8162,4.4756,4.5006,6.1429,6.5041,7.2061,25.1101,0.1069,1.8223,1.6425,7.1095,17.5103,8.0685,6.2163,7.9592,2.8095,3.0161
-5.3754,-5.0079,-3.0413,-2.4221,-1.8307,-0.9184,0.613,2.1312,2.1559,2.4942,-2.1535,-1.5152,-0.4915,0.5515,1.1661,1.7618,4.2304,4.5584,4.5803,6.4053,-5.1225,-3.9836,-2.25,-2.1977,-1.3873,-0.7575,0.7071,1.7311,1.8065,3.8401,-2.77,-2.2645,-1.3664,-0.9623,0.5088,1.7323,2.0978,2.9879,3.3795,4.8367,-3.8257,-3.6082,-3.5543,-1.6693,0.5009,1.2783,1.3002,1.8625,2.428,2.7979,-3.953,-3.2713,-2.8219,-1.1789,0.0575,0.9767,2.9112,3.8059,3.9335,6.9582,-3.068,-2.6756,-1.8259,-1.3361,0.165,0.3974,0.6614,1.3828,3.1361,3.5054,-5.4286,-3.1826,-3.0742,-0.3519,-0.079,1.4111,1.6563,1.666,1.6717,2.2223,-3.4282,-2.2402,-0.7628,-0.7126,1.7904,2.8387,3.086,3.5163,3.9105,5.8062,-8.0617,-3.2088,-2.3909,-1.8976,1.4941,1.7246,2.8061,3.2898,5.6063,7.2102,-3.6502,-1.9418,0.8107,3.7569,3.9087,4.1644,4.8546,6.6561,6.7797,6.7947,8.3142,2.717,12.1028,1.1086,2.4801,8.5322,20.0712,7.5028,3.2693,20.7314,8.0184
-5.3102,-4.9065,-2.6994,-2.018,-1.4626,-1.4331,1.1812,1.6715,2.5657,2.7882,-2.4411,-1.2979,-0.9128,0.9467,1.684,1.736,4.1731,4.7475,5.0107,6.5641,-5.4413,-3.4291,-2.3794,-1.9981,-1.7788,-0.5231,1.0852,1.9485,1.9938,4.2775,-3.351,-1.7233,-1.2212,-0.8262,0.8076,1.5668,2.3078,3.418,3.8172,5.4384,-3.6311,-3.2669,-3.0265,-1.0479,0.7333,0.9137,1.4477,1.879,2.4149,2.5398,-4.3125,-2.9479,-2.3806,-0.7938,0.0603,0.9217,3.4835,3.5834,4.4978,7.3321,-2.603,-2.0635,-1.4414,-1.0487,0.2891,0.7072,0.9754,1.8216,3.2074,3.3084,-5.9753,-3.7663,-2.6744,-0.6683,-0.1913,1.2364,1.6722,1.8281,2.1102,2.2492,-3.8095,-2.6859,-1.0265,-0.8744,1.4168,3.0358,3.4151,3.6421,3.7828,6.1069,-7.4844,-3.7119,-2.4682,-2.3678,1.9691,2.3022,2.9992,3.8108,5.6443,7.3752,-4.0784,-1.3248,1.0598,3.9212,4.0995,4.351,5.1795,6.073,6.5676,7.2878,1.5301,5.6439,7.7174,15.054,1.5168,6.0076,1.9654,8.0797,7.5361,7.8964,3.8527
-4.8401,-4.6758,-3.1508,-1.6117,-1.4862,-0.9347,1.1208,1.5863,2.3689,3.1277,-2.0552,-1.8979,-1.0271,1.0448,1.2367,2.0586,3.8584,4.3961,5.0365,6.2467,-5.2824,-3.5996,-2.4256,-1.8751,-1.3511,-0.3996,1.6997,2.2069,2.5263,4.1107,-3.461,-1.5461,-1.4439,-1.1295,0.5622,1.1772,1.991,3.3489,3.7426,5.7612,-3.6979,-3.2729,-3.0546,-0.8235,0.2443,1.4344,1.5231,1.6624,2.6113,2.969,-3.8394,-3.1816,-2.5053,-1.359,-0.5158,0.3758,3.6581,4.0939,4.2918,6.7138,-2.4992,-1.9803,-1.8819,-0.5255,0.3965,0.5477,0.6747,1.8932,2.905,3.1205,-6.2333,-3.3021,-2.938,-0.1642,0.1647,0.6242,1.5678,2.3103,2.3254,2.3784,-4.2447,-2.4199,-1.5356,-0.861,1.7722,2.8519,3.0251,3.2624,3.4834,5.7986,-6.9488,-4.17,-2.5507,-1.8683,2.0595,2.6902,3.0574,3.38,6.0896,7.3057,-4.4287,-1.9272,1.1407,3.4372,4.0683,4.8277,4.9261,5.712,6.5479,7.4896,10.7392,7.4631,1.7064,3.8686,2.6904,1.2076,14.0648,17.1528,0.8644,1.3327,10.4192
-5.0492,-4.2868,-3.5986,-1.4876,-1.3798,-0.4824,1.1463,1.7976,2.4173,3.1074,-2.3013,-1.5868,-1.3233,0.7246,1.0966,2.1945,4.1168,4.1307,4.5503,5.8833,-5.7284,-3.2267,-3.0261,-1.648,-1.4635,-0.1727,1.4022,2.286,3.1398,4.7037,-4.0253,-2.0231,-1.5198,-1.2797,0.9942,1.6545,2.0571,3.8252,3.9218,6.3797,-3.8789,-3.2877,-3.2569,-0.5776,0.5903,1.0079,1.7417,2.1849,2.8828,3.5813,-3.4945,-3.0166,-2.763,-1.4503,-0.3153,0.7189,3.6435,3.9664,4.4216,6.8693,-2.828,-2.2694,-2.1048,-0.1947,-0.0781,0.3039,0.3303,1.8555,2.9158,3.1922,-6.0067,-3.3467,-2.335,-0.685,-0.2807,0.6345,1.1261,2.5221,2.5569,2.8804,-4.2904,-2.785,-1.472,-0.517,1.9827,2.5939,2.641,3.1682,3.8287,5.8968,-7.1848,-4.0044,-3.0959,-1.3952,2.4259,2.7975,3.3042,3.3577,5.7403,6.9571,-4.948,-1.9335,1.3099,3.3885,4.2566,4.6219,5.2313,5.4808,6.6417,7.4634,1.958,5.1255,10.1556,3.041,5.7656,5.7725,0.4235,13.2405,7.9617,0.7032,5.6163
-4.867,-3.9072,-3.5915,-1.723,-1.0969,-0.4924,0.9534,1.9352,2.7074,3.6827,-2.8671,-1.2179,-1.121,0.3544,0.8614,2.7767,3.6694,3.9969,4.7481,5.3844,-5.375,-3.6337,-3.1744,-2.2364,-1.9675,-0.577,1.0574,2.1651,3.2512,5.1149,-4.4228,-2.0116,-1.9127,-1.7656,1.4801,1.7867,2.0717,3.3469,3.809,6.762,-3.474,-3.4585,-2.9888,-0.9194,0.2888,0.694,1.3364,2.5997,2.6147,3.8757,-3.9539,-3.0494,-2.2634,-1.4015,-0.5297,0.475,3.1943,4.3237,4.4194,6.9982,-2.9305,-2.7919,-1.6735,0.0266,0.38,0.778,0.8758,2.0316,2.7818,3.0589,-6.4976,-2.9884,-2.0289,-1.0464,-0.3702,0.6164,0.8328,2.2947,2.6037,3.138,-4.1307,-2.3959,-1.3122,0.0174,1.9254,2.1436,2.3538,3.2906,3.5911,6.0702,-6.6773,-3.6734,-3.5224,-1.9473,2.5841,2.7339,2.9983,3.7853,6.1827,6.8963,-5.2755,-1.5081,0.7714,2.9327,4.0001,4.8339,5.0001,5.5156,6.6111,6.9695,1.788,18.6576,6.6009,3.0569,36.3063,13.723,28.5579,0.0,10.467,2.0083,0.0988
-5.2118,-4.2894,-3.1429,-1.8684,-1.2995,-0.6048,1.4154,2.4282,2.6207,3.6172,-3.0786,-1.6726,-1.1537,-0.1515,0.4588,2.9449,3.4006,4.048,4.9896,5.2691,-5.6661,-3.2217,-3.1025,-2.3884,-1.656,-0.7099,1.4787,2.1301,3.4567,5.0712,-4.702,-2.2908,-1.6295,-1.4277,0.9234,1.3315,2.6048,3.7357,4.1266,7.2454,-3.45,-3.1539,-2.5211,-0.504,0.4804,0.8335,1.7311,2.179,2.2145,3.6223,-3.3936,-2.9208,-1.9215,-1.0027,-0.9112,0.6285,3.3552,3.8428,4.0323,7.3751,-2.6954,-2.3621,-1.3548,-0.0439,0.4715,0.833,1.2227,1.5747,2.4553,3.4456,-6.4784,-3.1971,-1.6377,-1.5986,-0.9107,0.7826,0.9735,2.4766,2.8132,2.8259,-4.0264,-1.8158,-1.8077,-0.0827,1.5443,1.7247,1.7477,3.5208,3.8661,5.7423,-6.7632,-3.261,-3.131,-2.3533,2.6924,2.9457,3.3294,3.7475,5.8917,6.8081,-5.0081,-1.4994,0.153,2.8073,4.0283,4.3802,5.583,5.6433,6.9064,7.4904,7.8234,1.1514,1.3491,0.8723,14.4481,10.2729,2.3214,30.3153,11.7318,4.2828,8.505
-4.8474,-4.8264,-2.7363,-1.9069,-1.7671,-1.0154,1.3766,1.9878,2.1532,3.8969,-3.0277,-2.2377,-1.7273,-0.6706,1.0638,2.3837,3.6953,3.9449,4.8432,5.7154,-5.9073,-3.6126,-3.0132,-2.3121,-1.4178,-0.784,1.8355,2.1541,3.6713,5.2255,-4.821,-2.0268,-1.8228,-0.9938,0.8968,1.439,2.7305,4.0256,4.5423,7.6559,-3.9423,-3.7375,-2.9223,-0.2756,0.7441,1.2672,1.5824,1.7471,2.7544,3.1634,-3.2754,-2.8916,-1.4504,-0.4969,-0.3837,0.9236,3.8731,4.1514,4.4875,7.5191,-2.5422,-1.9435,-0.8076,0.0013,0.5591,1.2872,1.338,1.7286,2.3936,3.8589,-6.6136,-3.3025,-1.8552,-1.1747,-0.4223,0.5248,0.7107,2.204,2.3973,3.3064,-4.0684,-2.32,-2.0874,-0.0167,2.0185,2.1716,2.3097,3.0706,3.3031,5.6168,-6.3351,-3.7611,-3.0159,-1.9977,2.6896,2.7028,3.2439,3.7387,6.2814,7.4312,-5.292,-1.2033,0.7535,2.757,3.8571,4.7143,5.3768,6.1046,7.1217,7.1745,6.48,1.69,6.5474,4.7915,3.3721,4.9737,8.6282,2.4894,7.3174,9.1729,6.2477
-5.3001,-4.7274,-3.0533,-2.2062,-1.7847,-0.6212,1.2379,2.3745,2.426,4.4981,-2.7024,-2.1785,-1.1144,-0.4195,1.5562,2.7796,3.8576,4.3471,4.4056,5.7435,-5.8432,-4.0732,-2.9237,-1.7297,-1.7138,-1.3063,1.5881,2.0941,3.5937,4.7849,-5.1236,-1.9666,-1.5177,-1.3844,0.3763,1.1935,2.387,4.3684,4.9566,7.8868,-4.1439,-3.6078,-2.7844,0.1547,1.2783,1.4476,1.7672,1.9547,2.7555,3.1206,-3.6283,-2.5349,-0.9001,-0.2205,-0.0073,0.7308,3.8086,4.3705,4.5348,7.7945,-2.7027,-1.899,-1.204,0.208,0.5475,1.7786,1.8062,2.0398,2.8608,3.9888,-7.2102,-3.0813,-1.7087,-1.4895,-0.0189,0.376,1.3314,1.615,1.9463,3.3745,-4.2435,-2.4756,-2.061,0.3448,1.4282,1.8258,2.7039,3.0138,3.5744,5.2847,-5.8431,-3.2379,-2.5757,-1.6115,3.0082,3.0863,3.1502,3.3764,6.8238,7.1054,-5.111,-0.7529,0.3227,2.6359,4.3191,4.9005,5.1895,5.7816,6.9382,7.3214,5.2689,8.3794,3.6036,2.6241,4.5168,2.6883,3.5388,4.7486,4.1567,3.8633,2.3797
-5.2506,-4.1514,-2.9244,-1.7985,-1.7547,-0.358,1.0245,1.9766,3.0145,4.0954,-2.5926,-2.3818,-0.9467,-0.6034,1.5644,2.6611,3.9471,4.8082,4.8454,5.6489,-5.6079,-4.3652,-2.8827,-1.8817,-1.3818,-1.2847,1.7087,1.7569,3.6898,4.8347,-5.032,-2.04,-1.6958,-1.2295,0.4377,1.1308,2.3185,4.3753,5.4279,7.6705,-3.9958,-3.7036,-3.3957,0.1342,0.9864,1.6128,1.7877,1.901,2.8529,3.5746,-4.0694,-2.2592,-1.262,-0.5228,-0.0697,0.7729,3.426,4.5059,4.7605,7.4625,-3.3165,-2.3763,-1.4655,-0.3302,0.2226,1.8624,2.1192,2.5872,2.6432,4.1898,-7.2005,-2.5881,-2.1325,-2.1031,-0.2706,0.2953,0.9145,1.5901,1.8513,3.6992,-3.9934,-2.9099,-2.4735,-0.2026,1.0036,2.2947,3.0259,3.114,3.1991,5.2619,-6.0113,-3.6855,-2.3821,-1.9896,2.4622,2.6607,2.8632,2.9999,6.6088,6.9533,-4.4977,-0.3879,0.6025,2.1878,3.9622,4.3503,5.3402,5.6492,6.5764,7.7324,9.011,10.9124,4.4511,2.507,2.4114,4.0142,3.7009,5.2748,6.9171,1.6556,4.519
-5.6798,-4.7295,-3.4034,-1.419,-1.2521,-0.976,1.2537,1.6342,2.5754,4.6937,-2.1829,-2.1407,-1.5508,-0.9052,1.2664,2.9697,3.4409,4.8042,5.1578,5.7971,-5.0094,-4.3926,-3.0805,-1.3729,-1.3234,-0.9959,2.069,2.1784,3.646,4.9627,-4.8925,-1.9003,-1.7812,-1.2306,0.8377,1.3285,2.1153,3.768,5.2791,7.0747,-3.9162,-3.8318,-2.9303,0.0351,0.4875,1.3855,1.4771,1.805,2.5148,3.6481,-4.372,-2.8308,-1.2602,-0.6773,-0.2985,1.2626,3.8948,3.9505,4.4649,6.8566,-3.7512,-2.32,-1.9907,0.0155,0.6106,1.5223,1.6397,2.5011,2.9142,4.5517,-7.8065,-2.9977,-2.3704,-2.0079,-0.2233,-0.1258,0.9851,0.9966,1.5725,3.9,-3.9759,-3.3456,-2.457,-0.044,1.0162,2.1455,2.765,3.1462,3.3437,5.3784,-5.4676,-3.643,-2.5029,-2.0182,2.2419,2.3959,2.4305,3.1861,6.442,7.2228,-5.0694,-0.7598,0.7024,2.6588,3.4113,4.7779,5.3438,5.7392,6.7991,8.3131,7.9559,7.8783,6.9719,4.5447,6.2044,18.9403,6.4541,5.8121,2.6821,15.5599,4.9092
-5.7691,-4.5029,-3.3988,-1.6233,-1.0538,-0.6272,1.299,1.4057,2.6228,4.3366,-2.5129,-2.0185,-1.9231,-0.927,0.8627,2.8787,3.9734,4.6854,5.1098,5.8636,-4.4404,-4.0988,-3.1339,-1.8102,-1.3962,-1.3409,2.5731,2.6484,3.2115,5.5521,-4.5178,-1.7315,-1.2298,-0.9981,0.4984,1.1758,1.7399,3.6602,5.5504,7.2879,-4.0942,-3.685,-3.1126,0.3031,0.6545,1.7157,1.7258,1.7746,2.6854,4.0286,-3.9485,-2.8508,-1.0784,-0.8172,-0.288,0.8997,3.4071,4.024,4.5479,6.8429,-3.4316,-2.4151,-2.0194,-0.0395,0.904,1.0375,1.3796,1.9587,3.2483,4.5276,-7.5874,-3.0855,-1.9618,-1.7527,-0.0462,0.1867,0.6364,0.9932,1.0366,4.0469,-4.3888,-3.4248,-2.6248,-0.2308,1.567,1.6031,3.1173,3.1727,3.2471,5.4965,-5.3743,-3.7203,-2.8279,-1.9609,2.3298,2.7291,2.7925,3.7453,6.5659,6.6617,-4.5118,-0.8071,1.2184,2.7141,3.9458,4.4624,5.1842,5.6099,6.2528,8.4784,2.5644,6.7674,12.6938,5.1701,19.8951,7.9186,9.8427,6.8128,8.3234,21.98,15.9041
-6.0598,-5.0614,-3.2866,-1.5572,-0.6559,-0.5488,1.1594,1.2669,2.9242,3.9643,-3.0676,-1.9674,-1.6545,-1.2527,0.4578,2.3702,3.3645,5.0495,5.1017,5.7018,-5.0608,-4.051,-2.6643,-2.4025,-2.0074,-1.4634,2.8178,2.82,3.293,5.5931,-4.8669,-2.1188,-1.3632,-0.7724,0.2901,1.2888,1.8987,3.6151,5.269,7.4986,-4.1823,-4.0219,-3.1407,0.3388,1.2082,1.2761,1.4633,1.8911,2.734,4.328,-3.3429,-2.3831,-1.2247,-0.9096,-0.7951,1.2388,3.9577,4.3089,4.3556,6.6039,-3.5355,-2.1282,-1.9811,-0.1317,1.1934,1.242,1.466,2.5449,2.8349,4.8737,-7.1034,-3.5514,-2.3399,-1.5012,-0.0094,0.5624,0.6315,0.7585,0.7588,3.9892,-4.7787,-3.5205,-2.468,-0.2209,1.6516,1.7512,2.8065,3.3948,3.5392,5.6646,-4.8231,-3.4146,-3.1053,-2.3062,2.0503,2.2099,2.3142,3.9421,6.5688,6.7227,-3.9915,-0.6685,0.683,2.3859,3.8869,4.732,4.7382,5.7962,6.3844,8.9759,5.8752,1.173,10.2504,6.6233,2.7616,8.0824,3.1482,7.862,5.2366,8.6949,12.5309
-6.6577,-4.7749,-3.3658,-1.9131,-1.0627,-0.808,0.5459,1.1736,2.5726,4.2049,-2.7852,-2.2904,-1.9854,-1.8308,1.0127,1.8889,2.8044,4.792,5.1823,5.4319,-5.582,-3.9803,-3.2432,-2.671,-2.555,-0.8675,2.2329,3.1357,3.2247,5.0626,-5.433,-1.8895,-1.1059,-0.8611,-0.1667,1.4459,2.3279,3.7975,4.8795,6.9468,-3.8882,-3.8503,-3.2729,0.0151,0.678,0.9859,1.4103,1.7305,3.1128,4.0414,-3.0161,-2.0805,-1.0082,-0.8267,-0.6047,1.0984,4.3309,4.7711,4.8221,6.9174,-3.9592,-2.4966,-2.4732,-0.5027,1.0453,1.3909,2.0032,2.0992,3.1741,4.8492,-6.974,-4.0714,-2.8977,-1.4859,-0.5772,0.0349,0.7575,0.9344,0.9427,3.9373,-4.664,-3.7196,-2.8708,-0.4131,1.163,1.8475,3.285,3.3293,4.079,6.2706,-4.2462,-3.0819,-2.9303,-2.5463,1.5314,2.5708,2.9303,3.3274,6.1418,6.8017,-3.5538,-1.2706,0.4161,2.427,3.2931,4.6874,5.3128,5.8673,6.3822,9.5951,1.7589,13.9114,11.419,2.1892,4.9851,6.414,5.8197,6.6275,10.9321,4.7625,6.0439
-6.9616,-4.5439,-2.9908,-2.2302,-0.8195,-0.7876,-0.0149,1.1574,2.0965,4.4854,-3.1671,-2.4807,-2.0187,-1.932,0.9195,1.6697,2.1809,5.1545,5.2609,5.727,-5.5416,-3.9088,-3.1631,-2.7479,-2.3213,-0.618,2.1376,2.5735,3.4365,4.7292,-5.145,-1.8246,-1.6268,-0.9302,-0.4241,0.8844,2.4275,4.0777,5.2628,6.6173,-3.4595,-3.2866,-2.7215,0.2389,0.4095,0.9583,1.0135,2.1221,2.8915,4.4838,-2.7913,-2.5298,-0.9963,-0.7035,-0.6012,0.942,4.5882,4.6286,5.2569,7.4871,-3.7223,-2.3981,-1.9962,-0.1218,0.5938,1.7921,1.8347,2.2212,3.767,4.4362,-6.3605,-3.9449,-3.2455,-1.3916,-0.2153,0.4169,0.8281,0.8474,1.522,4.1271,-4.0456,-3.4333,-3.3077,-0.6072,1.3938,2.0574,3.7071,3.8904,4.445,6.5848,-4.7043,-2.775,-2.4933,-2.194,1.5401,2.157,3.338,3.5063,6.3749,7.0891,-3.9199,-1.4048,-0.0759,2.8504,3.1049,5.2223,5.4247,5.4337,5.8108,9.1988,15.685,1.9489,9.1704,7.7812,7.3447,2.8094,3.3551,6.2265,2.0038,4.3333,3.4309
-6.5251,-4.6413,-2.4036,-1.9139,-1.2979,-0.9063,0.4053,0.5804,2.4035,4.4847,-2.8706,-2.332,-2.095,-2.0365,1.1697,1.1895,2.2971,5.1169,5.1642,5.5471,-5.3053,-3.6614,-3.4002,-2.7231,-2.4159,-0.4296,1.7655,2.9183,2.9819,4.8555,-5.4931,-1.3852,-1.1796,-0.7063,0.0254,1.0104,2.3325,4.4498,5.6359,7.0065,-3.5992,-2.8861,-2.5167,0.1166,0.5982,0.8306,1.1871,2.0567,2.7436,4.7407,-3.2028,-2.8093,-1.2218,-1.1548,-0.6478,0.9098,4.1473,4.7263,4.9981,6.9222,-3.6301,-2.257,-2.2109,-0.7337,0.3317,1.3802,1.7954,2.2467,4.3883,4.8883,-6.0395,-3.8334,-3.6475,-1.8726,-0.6973,0.8138,0.8415,1.2549,1.8447,4.6307,-3.9136,-3.8306,-3.5419,-0.9288,1.5445,2.2146,3.3617,3.5436,4.5766,6.4768,-4.7783,-3.244,-2.7013,-2.6928,1.3806,2.7582,3.3683,3.6211,6.2732,6.5448,-3.8677,-1.3216,-0.5823,2.6961,3.068,5.3214,5.4343,5.998,6.1194,9.3976,4.8016,16.7461,1.7142,3.3577,1.3875,0.5996,15.4478,6.1233,3.6676,4.6155,6.8185
-6.6953,-4.1218,-2.9771,-1.6095,-1.207,-0.9613,0.2161,0.3349,2.8893,4.8475,-2.8471,-2.5087,-2.4139,-2.3088,1.1174,1.2705,2.9015,4.6242,4.7339,4.9388,-5.097,-3.9376,-3.1495,-2.3193,-1.8634,-0.2263,2.3637,2.8826,3.0625,5.3754,-5.7518,-1.3437,-1.1012,-0.5828,-0.5127,0.7675,1.8091,3.8803,5.9822,6.9449,-3.6063,-2.8321,-1.9654,-0.0932,0.5049,0.6468,0.8901,2.5862,2.6202,4.4565,-3.3643,-3.0137,-1.7196,-0.8226,-0.6767,0.521,4.0898,4.8305,5.5832,6.8714,-3.1371,-2.59,-2.5615,-1.2808,-0.1082,1.2096,1.4262,2.8125,4.2346,4.7599,-6.5173,-3.8882,-3.8534,-2.2428,-0.2564,0.5631,1.0612,1.26,2.2516,4.0964,-4.2871,-3.9112,-3.4873,-0.4213,1.6052,2.1079,3.3155,3.4938,4.589,6.29,-4.1582,-3.007,-2.9618,-2.8903,1.7777,3.3154,3.5211,3.5755,6.3983,7.0516,-4.2652,-1.447,-0.7203,2.7736,3.6865,4.9598,5.6462,5.6536,5.8566,9.5702,7.2049,5.8345,5.5055,1.1937,1.9341,3.2115,5.2794,8.9923,5.0798,7.2934,5.0309
-6.659,-4.1793,-3.1676,-1.4247,-1.4054,-1.3044,0.1696,0.8544,2.7912,5.1688,-2.9407,-2.8496,-2.6121,-2.4283,0.6591,1.5227,2.891,4.2463,4.9569,5.4588,-5.6302,-3.4134,-2.6902,-2.4827,-2.1476,-0.0337,2.5767,2.6927,3.3542,5.7669,-6.2737,-1.3417,-1.1677,-0.5809,-0.503,0.7779,2.1699,3.4051,5.4551,7.4306,-3.7614,-3.3179,-2.4924,0.03,0.1846,0.2514,1.3931,2.6713,3.1534,3.8378,-3.252,-2.5689,-1.2516,-0.705,-0.109,0.9989,4.1982,4.2262,5.2573,6.9841,-3.1162,-3.0575,-2.705,-1.8516,0.0297,1.2257,1.5137,2.5184,3.844,4.1724,-6.745,-4.0168,-3.654,-2.5223,-0.6941,0.9151,1.1657,1.5897,2.4866,3.5444,-4.6752,-3.9118,-3.3961,-0.303,1.0504,1.6848,3.1563,3.1732,4.7571,5.7223,-4.5965,-3.4368,-2.9286,-2.5819,1.7955,3.3109,3.3853,3.8583,6.927,7.2551,-4.2986,-0.9647,-0.2951,2.1911,3.712,5.2551,5.4723,5.4884,5.7006,9.1249,6.2382,9.1778,6.3122,7.2033,5.0101,2.6061,2.8133,9.8552,4.3319,16.1407,2.4501
-6.853,-4.1406,-2.7571,-1.9296,-1.1777,-0.8561,0.5879,1.0951,2.445,5.67,-2.8654,-2.7149,-2.1209,-2.1128,1.024,1.2964,3.0044,3.7921,4.6904,5.4614,-6.1774,-3.1811,-2.9009,-2.4962,-1.8316,0.0814,2.6423,2.7105,3.5095,6.1605,-6.6387,-1.1315,-1.0727,-0.8758,-0.0644,0.6119,1.5925,4.0085,5.7668,7.8881,-3.8478,-3.4092,-3.017,-0.383,-0.2427,-0.071,2.001,3.0298,3.2188,3.2644,-3.6668,-3.1418,-0.9974,-0.7747,-0.0279,1.2465,3.5927,4.4884,5.0616,6.6278,-3.2002,-2.9221,-2.7694,-2.2601,-0.1047,1.0754,1.3815,3.0973,3.8515,4.0384,-7.0352,-4.5319,-3.55,-2.4555,-0.7026,0.4244,0.67,1.0828,2.5288,3.9524,-4.9649,-4.4469,-3.0784,-0.898,0.7566,1.7461,2.9438,3.482,4.406,5.2384,-4.2143,-3.4402,-3.0541,-2.2522,2.1744,2.7048,3.336,3.3958,6.8605,7.4692,-4.6063,-0.4628,-0.4066,2.576,3.2996,5.387,5.4462,5.5404,5.8497,9.6511,3.4698,10.0265,4.0214,4.6419,2.3372,3.5233,1.9621,4.6311,8.2351,21.8029,21.855
-6.8179,-3.5608,-2.6056,-1.494,-1.3956,-1.2461,0.0397,0.9623,1.9346,5.7541,-2.9024,-2.5497,-2.4248,-1.7698,0.5336,1.1304,3.1739,3.9698,4.3253,5.3457,-6.2305,-2.5596,-2.5239,-2.0065,-1.8905,0.0424,2.9329,3.2549,3.8345,6.7246,-6.1833,-1.3262,-1.2005,-0.9532,0.2591,0.3953,1.0831,3.7793,5.757,7.3554,-4.0288,-3.4554,-2.4902,-0.7788,-0.4342,-0.1568,1.8512,2.7045,3.1167,3.799,-4.2644,-3.5896,-1.1898,-0.5929,-0.0604,1.5572,3.8762,3.9432,5.4694,6.2247,-3.2898,-3.2895,-2.5325,-2.368,-0.1666,1.189,1.6704,3.1763,3.5186,4.0216,-6.9288,-4.134,-3.9237,-3.0542,-0.2121,0.6682,0.8343,1.0241,3.1524,4.3133,-5.12,-4.9677,-3.5829,-1.1215,1.3017,1.8471,2.7818,2.9951,3.9632,5.0403,-4.2855,-4.0272,-3.1312,-2.335,2.4779,2.9446,3.1961,3.4228,6.9783,7.8728,-4.2752,-0.7621,-0.4713,2.5982,3.5564,4.9778,4.9984,5.2672,6.162,9.1795,2.336,1.8861,9.742,1.9698,0.0,0.4677,5.8986,3.3746,6.1163,3.2814,2.0412
-7.3739,-3.8097,-2.4541,-1.805,-1.063,-0.6495,0.225,0.4575,1.6485,6.0475,-3.0359,-2.587,-2.511,-2.092,1.0071,1.3551,3.2591,3.9563,4.7626,5.3118,-6.2757,-3.0877,-2.7145,-2.0445,-1.5046,0.0966,3.3105,3.3945,3.5684,7.268,-6.1213,-1.1487,-0.8916,-0.8858,0.0592,0.5055,1.0172,3.9341,6.3656,7.88,-3.6766,-3.0763,-1.8871,-0.8555,-0.7678,0.2383,1.2382,2.6271,3.6011,3.6781,-3.7435,-3.0143,-0.8206,-0.6172,-0.3902,2.0718,4.1766,4.2366,5.8231,6.1306,-3.8177,-3.0239,-2.6905,-1.899,0.4504,1.4235,1.7295,3.3041,3.4635,4.2699,-7.5321,-4.3146,-3.923,-2.7404,-0.2093,0.1337,0.7791,1.3795,3.2918,4.7412,-4.9518,-4.6477,-3.1314,-0.8974,1.4817,1.5237,2.626,3.1309,4.4322,5.4776,-4.5114,-3.7604,-2.865,-1.9846,2.0001,2.9366,3.1504,3.6818,6.9069,7.9161,-4.8774,-0.2542,-0.2201,1.9778,3.4756,4.5982,4.6881,5.1007,6.7704,9.3736,6.3737,2.1177,0.9722,3.4239,15.4321,6.6886,7.474,6.0877,8.9949,15.0759,7.8656
-7.242,-3.7061,-2.1578,-1.8611,-1.3107,-0.3404,-0.2535,-0.0161,1.6862,5.9547,-2.8616,-2.77,-2.4888,-2.1768,0.5727,1.6107,3.1737,3.9611,4.7121,4.8851,-6.4421,-3.1774,-2.6675,-2.1311,-1.3678,-0.2117,3.403,3.4832,3.7034,7.208,-5.7276,-1.4185,-1.0963,-1.093,-0.2269,0.4518,0.8481,3.4196,5.8926,8.0445,-3.0968,-2.8817,-1.6002,-1.1555,-1.0783,0.087,1.7403,2.0137,3.3773,3.9455,-4.2379,-2.9796,-1.1214,-0.5759,-0.4374,1.8108,3.6993,4.6767,5.5148,6.4733,-4.1181,-2.724,-2.2683,-2.2549,0.2155,1.96,2.2542,3.418,4.0254,4.3885,-7.0833,-4.9363,-3.817,-3.0546,-0.4073,0.6144,1.0114,1.1932,3.6131,4.9764,-5.4283,-4.5184,-3.1947,-1.3189,1.3028,1.9841,2.2106,2.7471,5.0508,5.2701,-4.7778,-3.7978,-2.8618,-2.2473,2.4021,3.0648,3.1277,3.2893,6.4532,8.4309,-5.434,-0.246,0.1866,1.6284,3.3773,4.8011,4.8668,5.513,7.0053,8.8083,1.3411,0.5462,0.7752,1.2249,3.9847,5.5547,10.3202,2.1733,5.9267,4.1031,7.318
-7.4814,-3.894,-2.7662,-1.6638,-0.8583,-0.4735,0.1323,0.2389,1.7872,6.2218,-2.8105,-2.427,-2.0898,-1.8622,0.3833,1.5395,3.6042,4.0461,4.5914,5.0217,-6.0418,-3.5064,-2.6988,-1.6434,-1.0835,0.0254,2.8743,3.7219,4.0677,7.0312,-5.6888,-1.9639,-1.7137,-1.3378,-0.1438,-0.0252,0.2834,3.1618,5.5023,8.4426,-3.3913,-2.7765,-1.8977,-1.7472,-0.5762,-0.2033,1.629,2.0809,3.3602,3.8538,-3.6438,-3.4018,-1.2652,-0.9535,0.1208,1.6762,3.5649,4.336,5.2874,6.1904,-3.6383,-2.804,-2.6835,-1.6871,0.4149,1.8054,2.274,3.7018,4.3301,4.8241,-6.623,-5.4378,-3.8599,-3.0572,-0.3649,0.4018,1.0783,1.1606,3.9724,5.4498,-5.484,-4.4384,-2.6317,-1.5613,1.7354,1.7796,2.1526,2.7658,4.657,5.1252,-4.5017,-3.2841,-2.8804,-2.2595,1.967,2.8888,2.9252,3.2696,6.6585,8.5202,-5.476,-0.3559,-0.2901,1.0568,2.8067,4.6558,4.8014,6.014,7.1428,8.1949,1.5743,2.8515,1.6008,1.5167,2.4544,4.696,8.6011,10.5476,3.4724,16.5011,6.3799
-7.6466,-4.156,-2.211,-1.5308,-0.6038,-0.1352,0.2567,0.7509,1.7872,6.5724,-2.9636,-2.936,-2.4589,-1.6252,0.4364,2.029,3.0735,4.1941,4.8695,5.4299,-6.519,-3.171,-3.0712,-2.1448,-1.6839,-0.1568,2.4081,3.494,4.5876,7.045,-5.5344,-2.581,-1.8906,-1.6718,-0.6216,0.1273,0.6436,3.3726,5.6105,7.8774,-3.749,-2.5797,-2.3225,-2.3201,-1.0689,-0.4882,1.1988,1.5657,3.5519,3.641,-3.2578,-3.0262,-1.0725,-0.4751,-0.4354,1.9107,4.0653,4.205,5.3088,5.5837,-3.2234,-3.2194,-2.9245,-1.4085,0.34,1.9322,2.2808,3.6972,4.0853,4.8664,-6.8539,-5.7306,-3.8504,-3.4625,-0.0306,0.8889,1.6165,1.6243,3.8691,5.6037,-5.3583,-4.9032,-3.0636,-2.1751,1.3145,1.6138,1.9467,2.7093,4.7032,5.2623,-4.5806,-2.9854,-2.9017,-1.8248,2.011,2.5916,2.7905,2.844,6.7127,8.7054,-5.531,-0.8773,-0.2302,1.1433,2.4393,4.318,4.8627,6.2229,7.6003,7.8462,4.1874,16.3961,3.3321,6.8884,5.6156,5.2275,8.1472,13.9452,0.5698,7.0794,1.2687
-7.2313,-4.4371,-2.184,-1.2376,-0.8588,0.3112,0.3416,0.6356,2.1264,6.5142,-3.3187,-2.8723,-2.8095,-2.0143,0.0171,1.6705,2.6928,4.0706,4.9744,5.4953,-6.9394,-2.6972,-2.6187,-2.4974,-1.1077,-0.0557,1.8486,4.0933,4.5283,6.4646,-5.0048,-3.1927,-2.0492,-1.2449,-0.6807,0.259,0.3191,3.9689,5.2525,7.9367,-3.228,-3.1196,-2.9038,-2.4512,-0.7537,-0.5502,0.9569,0.9991,2.9382,3.6538,-2.7175,-2.5524,-1.656,-1.0156,-0.5619,1.9482,4.0608,4.3513,5.1485,5.1999,-3.1223,-2.95,-2.7359,-1.7301,-0.2577,1.6319,2.8311,4.0141,4.215,5.0194,-6.3517,-6.2216,-4.1997,-3.6669,0.5845,1.0966,1.1654,1.8607,3.5682,5.2489,-4.8986,-4.7121,-3.2748,-2.0363,1.4951,1.4985,1.6959,2.4932,4.3074,5.2379,-4.5885,-3.3008,-3.004,-1.9474,1.8927,2.2913,2.3089,2.9754,6.958,8.7455,-6.1413,-0.4829,0.0389,1.1564,1.9634,4.4802,5.3422,6.5017,7.5113,8.1587,2.4263,13.6339,4.4057,3.035,0.2526,3.918,7.6245,8.0772,4.0601,3.9289,11.6822
