0.0351,0.149,0.2081,0.3769,0.4349,0.5229,0.6432,0.661,0.8529,1.0562,0.0897,0.1899,0.1996,0.3017,0.3539,0.4481,0.6291,0.6494,0.788,0.9881,0.21,0.3184,0.3967,0.5336,0.6709,0.7621,0.824,0.8795,0.9248,0.9777,0.065,0.2303,0.2958,0.4226,0.5035,0.583,0.7156,0.7518,0.8167,0.9355,0.1045,0.2008,0.2237,0.3608,0.4381,0.5386,0.6793,0.7889,0.8915,1.0236,0.0604,0.0836,0.1594,0.3315,0.3829,0.467,0.6001,0.7236,0.9653,1.2192,0.0794,0.1594,0.2231,0.3967,0.4386,0.4818,0.5523,0.686,0.7117,0.9966,0.1301,0.3328,0.6463,0.8234,0.8408,0.8574,0.9298,0.9449,0.9709,0.9943,0.1509,0.2291,0.3197,0.3683,0.4558,0.5033,0.6822,0.699,0.8763,0.9576,0.0339,0.0856,0.0994,0.2807,0.3655,0.54,0.6807,0.7947,0.9326,1.1564,0.0695,0.0977,0.1009,0.2271,0.2614,0.298,0.37,0.4165,0.5507,0.7473,0.0,0.0,6.2976,0.1994,0.0,0.0,0.0,26.2427,0.0,0.0,0.006
0.0351,0.149,0.2081,0.3769,0.4349,0.5229,0.6432,0.661,0.8529,1.0562,0.0897,0.1899,0.1996,0.3017,0.3539,0.4481,0.6291,0.6494,0.788,0.9881,0.1453,0.2592,0.3273,0.4541,0.559,0.6433,0.7486,0.8024,0.8831,0.9791,0.0611,0.0789,0.1519,0.2076,0.243,0.325,0.4823,0.614,0.9155,1.2186,0.1045,0.2008,0.2237,0.3608,0.4381,0.5386,0.6793,0.7889,0.8915,1.0236,0.0604,0.0836,0.1594,0.3315,0.3829,0.467,0.6001,0.7236,0.9653,1.2192,0.0794,0.1594,0.2231,0.3967,0.4386,0.4818,0.5523,0.686,0.7117,0.9966,0.1303,0.3316,0.6415,0.8178,0.8364,0.854,0.927,0.9427,0.9696,0.9941,0.1509,0.2291,0.3197,0.3683,0.4558,0.5033,0.6822,0.699,0.8763,0.9576,0.0339,0.0856,0.0994,0.2807,0.3655,0.54,0.6807,0.7947,0.9326,1.1564,0.0711,0.1071,0.1162,0.2424,0.279,0.3211,0.4022,0.4527,0.586,0.7879,0.0,0.0,0.878,0.0,0.0,0.0,0.0,25.2602,0.0,0.0,0.0
0.0351,0.149,0.2081,0.3769,0.4349,0.5229,0.6432,0.661,0.8529,1.0562,0.0897,0.1899,0.1996,0.3017,0.3539,0.4481,0.6291,0.6494,0.788,0.9881,0.0432,0.0996,0.1353,0.2526,0.2853,0.362,0.5477,0.6261,0.8331,1.0678,0.0611,0.0789,0.1519,0.2076,0.243,0.325,0.4823,0.614,0.9155,1.2186,0.1045,0.2008,0.2237,0.3608,0.4381,0.5386,0.6793,0.7889,0.8915,1.0236,0.0604,0.0836,0.1594,0.3315,0.3829,0.467,0.6001,0.7236,0.9653,1.2192,0.0794,0.1594,0.2231,0.3967,0.4386,0.4818,0.5523,0.686,0.7117,0.9966,0.1302,0.3314,0.6408,0.817,0.8358,0.8535,0.9266,0.9423,0.9694,0.9941,0.1509,0.2291,0.3197,0.3683,0.4558,0.5033,0.6822,0.699,0.8763,0.9576,0.0339,0.0856,0.0994,0.2807,0.3655,0.54,0.6807,0.7947,0.9326,1.1564,0.0711,0.1071,0.1162,0.2424,0.279,0.3211,0.4022,0.4527,0.586,0.7879,0.0,0.0,0.0,0.0,0.0,0.0,0.0,25.1283,0.0,0.0,0.0
0.0351,0.149,0.2081,0.3769,0.4349,0.5229,0.6432,0.661,0.8529,1.0562,0.0897,0.1899,0.1996,0.3017,0.3539,0.4481,0.6291,0.6494,0.788,0.9881,0.0432,0.0996,0.1353,0.2526,0.2853,0.362,0.5477,0.6261,0.8331,1.0678,0.0611,0.0789,0.1519,0.2076,0.243,0.325,0.4823,0.614,0.9155,1.2186,0.1045,0.2008,0.2237,0.3608,0.4381,0.5386,0.6793,0.7889,0.8915,1.0236,0.0604,0.0836,0.1594,0.3315,0.3829,0.467,0.6001,0.7236,0.9653,1.2192,0.0794,0.1594,0.2231,0.3967,0.4386,0.4818,0.5523,0.686,0.7117,0.9966,0.1302,0.3312,0.6402,0.8163,0.8351,0.8529,0.9261,0.9419,0.9692,0.9941,0.1509,0.2291,0.3197,0.3683,0.4558,0.5033,0.6822,0.699,0.8763,0.9576,0.0339,0.0856,0.0994,0.2807,0.3655,0.54,0.6807,0.7947,0.9326,1.1564,0.0711,0.1071,0.1162,0.2424,0.279,0.3211,0.4022,0.4527,0.586,0.7879,0.0,0.0,0.0,0.0,0.0,0.0,0.0,24.9946,0.0,0.0,0.0
0.0351,0.149,0.2081,0.3769,0.4349,0.5229,0.6432,0.661,0.8529,1.0562,0.0897,0.1899,0.1996,0.3017,0.3539,0.4481,0.6291,0.6494,0.788,0.9881,0.0432,0.0996,0.1353,0.2526,0.2853,0.362,0.5477,0.6261,0.8331,1.0678,0.0611,0.0789,0.1519,0.2076,0.243,0.325,0.4823,0.614,0.9155,1.2186,0.1045,0.2008,0.2237,0.3608,0.4381,0.5386,0.6793,0.7889,0.8915,1.0236,0.0604,0.0836,0.1594,0.3315,0.3829,0.467,0.6001,0.7236,0.9653,1.2192,0.0794,0.1594,0.2231,0.3967,0.4386,0.4818,0.5523,0.686,0.7117,0.9966,0.1302,0.331,0.6396,0.8155,0.8344,0.8523,0.9257,0.9416,0.9691,0.9941,0.1509,0.2291,0.3197,0.3683,0.4558,0.5033,0.6822,0.699,0.8763,0.9576,0.0339,0.0856,0.0994,0.2807,0.3655,0.54,0.6807,0.7947,0.9326,1.1564,0.0711,0.1071,0.1162,0.2424,0.279,0.3211,0.4022,0.4527,0.586,0.7879,0.0,0.0,0.0,0.0,0.0,0.0,0.0,24.8591,0.0,0.0,0.0
0.0351,0.149,0.2081,0.3769,0.4349,0.5229,0.6432,0.661,0.8529,1.0562,0.0897,0.1899,0.1996,0.3017,0.3539,0.4481,0.6291,0.6494,0.788,0.9881,0.0432,0.0996,0.1353,0.2526,0.2853,0.362,0.5477,0.6261,0.8331,1.0678,0.0611,0.0789,0.1519,0.2076,0.243,0.325,0.4823,0.614,0.9155,1.2186,0.1045,0.2008,0.2237,0.3608,0.4381,0.5386,0.6793,0.7889,0.8915,1.0236,0.0604,0.0836,0.1594,0.3315,0.3829,0.467,0.6001,0.7236,0.9653,1.2192,0.0794,0.1594,0.2231,0.3967,0.4386,0.4818,0.5523,0.686,0.7117,0.9966,0.1302,0.3308,0.6389,0.8147,0.8338,0.8517,0.9253,0.9412,0.9689,0.9941,0.1509,0.2291,0.3197,0.3683,0.4558,0.5033,0.6822,0.699,0.8763,0.9576,0.0339,0.0856,0.0994,0.2807,0.3655,0.54,0.6807,0.7947,0.9326,1.1564,0.0711,0.1071,0.1162,0.2424,0.279,0.3211,0.4022,0.4527,0.586,0.7879,0.0,0.0,0.0,0.0,0.0,0.0,0.0,24.7219,0.0,0.0,0.0
0.0351,0.149,0.2081,0.3769,0.4349,0.5229,0.6432,0.661,0.8529,1.0562,0.0897,0.1899,0.1996,0.3017,0.3539,0.4481,0.6291,0.6494,0.788,0.9881,0.0432,0.0996,0.1353,0.2526,0.2853,0.362,0.5477,0.6261,0.8331,1.0678,0.0611,0.0789,0.1519,0.2076,0.243,0.325,0.4823,0.614,0.9155,1.2186,0.1045,0.2008,0.2237,0.3608,0.4381,0.5386,0.6793,0.7889,0.8915,1.0236,0.0604,0.0836,0.1594,0.3315,0.3829,0.467,0.6001,0.7236,0.9653,1.2192,0.0794,0.1594,0.2231,0.3967,0.4386,0.4818,0.5523,0.686,0.7117,0.9966,0.1302,0.3305,0.6382,0.8139,0.833,0.8511,0.9248,0.9408,0.9687,0.9941,0.1509,0.2291,0.3197,0.3683,0.4558,0.5033,0.6822,0.699,0.8763,0.9576,0.0339,0.0856,0.0994,0.2807,0.3655,0.54,0.6807,0.7947,0.9326,1.1564,0.0711,0.1071,0.1162,0.2424,0.279,0.3211,0.4022,0.4527,0.586,0.7879,0.0,0.0,0.0,0.0,0.0,0.0,0.0,24.5822,0.0,0.0,0.0
0.0351,0.149,0.2081,0.3769,0.4349,0.5229,0.6432,0.661,0.8529,1.0562,0.0897,0.1899,0.1996,0.3017,0.3539,0.4481,0.6291,0.6494,0.788,0.9881,0.0432,0.0996,0.1353,0.2526,0.2853,0.362,0.5477,0.6261,0.8331,1.0678,0.0611,0.0789,0.1519,0.2076,0.243,0.325,0.4823,0.614,0.9155,1.2186,0.1045,0.2008,0.2237,0.3608,0.4381,0.5386,0.6793,0.7889,0.8915,1.0236,0.0604,0.0836,0.1594,0.3315,0.3829,0.467,0.6001,0.7236,0.9653,1.2192,0.0794,0.1594,0.2231,0.3967,0.4386,0.4818,0.5523,0.686,0.7117,0.9966,0.1301,0.3303,0.6376,0.8131,0.8323,0.8505,0.9243,0.9404,0.9686,0.9941,0.1509,0.2291,0.3197,0.3683,0.4558,0.5033,0.6822,0.699,0.8763,0.9576,0.0339,0.0856,0.0994,0.2807,0.3655,0.54,0.6807,0.7947,0.9326,1.1564,0.0711,0.1071,0.1162,0.2424,0.279,0.3211,0.4022,0.4527,0.586,0.7879,0.0,0.0,0.0,0.0,0.0,0.0,0.0,24.4401,0.0,0.0,0.0
0.0351,0.149,0.2081,0.3769,0.4349,0.5229,0.6432,0.661,0.8529,1.0562,0.0897,0.1899,0.1996,0.3017,0.3539,0.4481,0.6291,0.6494,0.788,0.9881,0.0432,0.0996,0.1353,0.2526,0.2853,0.362,0.5477,0.6261,0.8331,1.0678,0.0611,0.0789,0.1519,0.2076,0.243,0.325,0.4823,0.614,0.9155,1.2186,0.1045,0.2008,0.2237,0.3608,0.4381,0.5386,0.6793,0.7889,0.8915,1.0236,0.0604,0.0836,0.1594,0.3315,0.3829,0.467,0.6001,0.7236,0.9653,1.2192,0.0794,0.1594,0.2231,0.3967,0.4386,0.4818,0.5523,0.686,0.7117,0.9966,0.1301,0.3301,0.6368,0.8122,0.8316,0.8499,0.9238,0.94,0.9684,0.9941,0.1509,0.2291,0.3197,0.3683,0.4558,0.5033,0.6822,0.699,0.8763,0.9576,0.0339,0.0856,0.0994,0.2807,0.3655,0.54,0.6807,0.7947,0.9326,1.1564,0.0711,0.1071,0.1162,0.2424,0.279,0.3211,0.4022,0.4527,0.586,0.7879,0.0,0.0,0.0,0.0,0.0,0.0,0.0,24.2956,0.0,0.0,0.0
0.0351,0.149,0.2081,0.3769,0.4349,0.5229,0.6432,0.661,0.8529,1.0562,0.0897,0.1899,0.1996,0.3017,0.3539,0.4481,0.6291,0.6494,0.788,0.9881,0.0432,0.0996,0.1353,0.2526,0.2853,0.362,0.5477,0.6261,0.8331,1.0678,0.0611,0.0789,0.1519,0.2076,0.243,0.325,0.4823,0.614,0.9155,1.2186,0.1045,0.2008,0.2237,0.3608,0.4381,0.5386,0.6793,0.7889,0.8915,1.0236,0.0604,0.0836,0.1594,0.3315,0.3829,0.467,0.6001,0.7236,0.9653,1.2192,0.0794,0.1594,0.2231,0.3967,0.4386,0.4818,0.5523,0.686,0.7117,0.9966,0.1301,0.3298,0.6361,0.8113,0.8308,0.8492,0.9233,0.9396,0.9682,0.9942,0.1509,0.2291,0.3197,0.3683,0.4558,0.5033,0.6822,0.699,0.8763,0.9576,0.0339,0.0856,0.0994,0.2807,0.3655,0.54,0.6807,0.7947,0.9326,1.1564,0.0711,0.1071,0.1162,0.2424,0.279,0.3211,0.4022,0.4527,0.586,0.7879,0.0,0.0,0.0,0.0,0.0,0.0,0.0,24.1486,0.0,0.0,0.0
0.0351,0.149,0.2081,0.3769,0.4349,0.5229,0.6432,0.661,0.8529,1.0562,0.0897,0.1899,0.1996,0.3017,0.3539,0.4481,0.6291,0.6494,0.788,0.9881,0.0432,0.0996,0.1353,0.2526,0.2853,0.362,0.5477,0.6261,0.8331,1.0678,0.0611,0.0789,0.1519,0.2076,0.243,0.325,0.4823,0.614,0.9155,1.2186,0.1045,0.2008,0.2237,0.3608,0.4381,0.5386,0.6793,0.7889,0.8915,1.0236,0.0604,0.0836,0.1594,0.3315,0.3829,0.467,0.6001,0.7236,0.9653,1.2192,0.0794,0.1594,0.2231,0.3967,0.4386,0.4818,0.5523,0.686,0.7117,0.9966,0.1301,0.3296,0.6354,0.8104,0.83,0.8485,0.9228,0.9391,0.968,0.9942,0.1509,0.2291,0.3197,0.3683,0.4558,0.5033,0.6822,0.699,0.8763,0.9576,0.0339,0.0856,0.0994,0.2807,0.3655,0.54,0.6807,0.7947,0.9326,1.1564,0.0711,0.1071,0.1162,0.2424,0.279,0.3211,0.4022,0.4527,0.586,0.7879,0.0,0.0,0.0,0.0,0.0,0.0,0.0,23.9988,0.0,0.0,0.0
0.0351,0.149,0.2081,0.3769,0.4349,0.5229,0.6432,0.661,0.8529,1.0562,0.0897,0.1899,0.1996,0.3017,0.3539,0.4481,0.6291,0.6494,0.788,0.9881,0.0432,0.0996,0.1353,0.2526,0.2853,0.362,0.5477,0.6261,0.8331,1.0678,0.0611,0.0789,0.1519,0.2076,0.243,0.325,0.4823,0.614,0.9155,1.2186,0.1045,0.2008,0.2237,0.3608,0.4381,0.5386,0.6793,0.7889,0.8915,1.0236,0.0604,0.0836,0.1594,0.3315,0.3829,0.467,0.6001,0.7236,0.9653,1.2192,0.0794,0.1594,0.2231,0.3967,0.4386,0.4818,0.5523,0.686,0.7117,0.9966,0.13,0.3293,0.6346,0.8095,0.8292,0.8478,0.9223,0.9387,0.9678,0.9942,0.1509,0.2291,0.3197,0.3683,0.4558,0.5033,0.6822,0.699,0.8763,0.9576,0.0339,0.0856,0.0994,0.2807,0.3655,0.54,0.6807,0.7947,0.9326,1.1564,0.0711,0.1071,0.1162,0.2424,0.279,0.3211,0.4022,0.4527,0.586,0.7879,0.0,0.0,0.0,0.0,0.0,0.0,0.0,23.8454,0.0,0.0,0.0
0.0351,0.149,0.2081,0.3769,0.4349,0.5229,0.6432,0.661,0.8529,1.0562,0.0897,0.1899,0.1996,0.3017,0.3539,0.4481,0.6291,0.6494,0.788,0.9881,0.0432,0.0996,0.1353,0.2526,0.2853,0.362,0.5477,0.6261,0.8331,1.0678,0.0611,0.0789,0.1519,0.2076,0.243,0.325,0.4823,0.614,0.9155,1.2186,0.1045,0.2008,0.2237,0.3608,0.4381,0.5386,0.6793,0.7889,0.8915,1.0236,0.0604,0.0836,0.1594,0.3315,0.3829,0.467,0.6001,0.7236,0.9653,1.2192,0.0794,0.1594,0.2231,0.3967,0.4386,0.4818,0.5523,0.686,0.7117,0.9966,0.13,0.329,0.6338,0.8086,0.8284,0.8471,0.9218,0.9382,0.9676,0.9942,0.1509,0.2291,0.3197,0.3683,0.4558,0.5033,0.6822,0.699,0.8763,0.9576,0.0339,0.0856,0.0994,0.2807,0.3655,0.54,0.6807,0.7947,0.9326,1.1564,0.0711,0.1071,0.1162,0.2424,0.279,0.3211,0.4022,0.4527,0.586,0.7879,0.0,0.0,0.0,0.0,0.0,0.0,0.0,23.6882,0.0,0.0,0.0
0.0351,0.149,0.2081,0.3769,0.4349,0.5229,0.6432,0.661,0.8529,1.0562,0.0897,0.1899,0.1996,0.3017,0.3539,0.4481,0.6291,0.6494,0.788,0.9881,0.0432,0.0996,0.1353,0.2526,0.2853,0.362,0.5477,0.6261,0.8331,1.0678,0.0611,0.0789,0.1519,0.2076,0.243,0.325,0.4823,0.614,0.9155,1.2186,0.1045,0.2008,0.2237,0.3608,0.4381,0.5386,0.6793,0.7889,0.8915,1.0236,0.0604,0.0836,0.1594,0.3315,0.3829,0.467,0.6001,0.7236,0.9653,1.2192,0.0794,0.1594,0.2231,0.3967,0.4386,0.4818,0.5523,0.686,0.7117,0.9966,0.13,0.3288,0.633,0.8076,0.8276,0.8464,0.9212,0.9378,0.9674,0.9942,0.1509,0.2291,0.3197,0.3683,0.4558,0.5033,0.6822,0.699,0.8763,0.9576,0.0339,0.0856,0.0994,0.2807,0.3655,0.54,0.6807,0.7947,0.9326,1.1564,0.0711,0.1071,0.1162,0.2424,0.279,0.3211,0.4022,0.4527,0.586,0.7879,0.0,0.0,0.0,0.0,0.0,0.0,0.0,23.5271,0.0,0.0,0.0
0.0351,0.149,0.2081,0.3769,0.4349,0.5229,0.6432,0.661,0.8529,1.0562,0.0897,0.1899,0.1996,0.3017,0.3539,0.4481,0.6291,0.6494,0.788,0.9881,0.0432,0.0996,0.1353,0.2526,0.2853,0.362,0.5477,0.6261,0.8331,1.0678,0.0611,0.0789,0.1519,0.2076,0.243,0.325,0.4823,0.614,0.9155,1.2186,0.1045,0.2008,0.2237,0.3608,0.4381,0.5386,0.6793,0.7889,0.8915,1.0236,0.0604,0.0836,0.1594,0.3315,0.3829,0.467,0.6001,0.7236,0.9653,1.2192,0.0794,0.1594,0.2231,0.3967,0.4386,0.4818,0.5523,0.686,0.7117,0.9966,0.1299,0.3285,0.6322,0.8066,0.8267,0.8456,0.9206,0.9373,0.9672,0.9942,0.1509,0.2291,0.3197,0.3683,0.4558,0.5033,0.6822,0.699,0.8763,0.9576,0.0339,0.0856,0.0994,0.2807,0.3655,0.54,0.6807,0.7947,0.9326,1.1564,0.0711,0.1071,0.1162,0.2424,0.279,0.3211,0.4022,0.4527,0.586,0.7879,0.0,0.0,0.0,0.0,0.0,0.0,0.0,23.362,0.0,0.0,0.0
0.0351,0.149,0.2081,0.3769,0.4349,0.5229,0.6432,0.661,0.8529,1.0562,0.0897,0.1899,0.1996,0.3017,0.3539,0.4481,0.6291,0.6494,0.788,0.9881,0.0432,0.0996,0.1353,0.2526,0.2853,0.362,0.5477,0.6261,0.8331,1.0678,0.0611,0.0789,0.1519,0.2076,0.243,0.325,0.4823,0.614,0.9155,1.2186,0.1045,0.2008,0.2237,0.3608,0.4381,0.5386,0.6793,0.7889,0.8915,1.0236,0.0604,0.0836,0.1594,0.3315,0.3829,0.467,0.6001,0.7236,0.9653,1.2192,0.0794,0.1594,0.2231,0.3967,0.4386,0.4818,0.5523,0.686,0.7117,0.9966,0.1299,0.3282,0.6313,0.8055,0.8258,0.8448,0.92,0.9368,0.9669,0.9942,0.1509,0.2291,0.3197,0.3683,0.4558,0.5033,0.6822,0.699,0.8763,0.9576,0.0339,0.0856,0.0994,0.2807,0.3655,0.54,0.6807,0.7947,0.9326,1.1564,0.0711,0.1071,0.1162,0.2424,0.279,0.3211,0.4022,0.4527,0.586,0.7879,0.0,0.0,0.0,0.0,0.0,0.0,0.0,23.1924,0.0,0.0,0.0
0.0351,0.149,0.2081,0.3769,0.4349,0.5229,0.6432,0.661,0.8529,1.0562,0.0897,0.1899,0.1996,0.3017,0.3539,0.4481,0.6291,0.6494,0.788,0.9881,0.0432,0.0996,0.1353,0.2526,0.2853,0.362,0.5477,0.6261,0.8331,1.0678,0.0611,0.0789,0.1519,0.2076,0.243,0.325,0.4823,0.614,0.9155,1.2186,0.1045,0.2008,0.2237,0.3608,0.4381,0.5386,0.6793,0.7889,0.8915,1.0236,0.0604,0.0836,0.1594,0.3315,0.3829,0.467,0.6001,0.7236,0.9653,1.2192,0.0794,0.1594,0.2231,0.3967,0.4386,0.4818,0.5523,0.686,0.7117,0.9966,0.1299,0.3279,0.6304,0.8045,0.8249,0.844,0.9194,0.9363,0.9667,0.9942,0.1509,0.2291,0.3197,0.3683,0.4558,0.5033,0.6822,0.699,0.8763,0.9576,0.0339,0.0856,0.0994,0.2807,0.3655,0.54,0.6807,0.7947,0.9326,1.1564,0.0711,0.1071,0.1162,0.2424,0.279,0.3211,0.4022,0.4527,0.586,0.7879,0.0,0.0,0.0,0.0,0.0,0.0,0.0,23.0168,0.0,0.0,0.0
0.0351,0.149,0.2081,0.3769,0.4349,0.5229,0.6432,0.661,0.8529,1.0562,0.0897,0.1899,0.1996,0.3017,0.3539,0.4481,0.6291,0.6494,0.788,0.9881,0.0432,0.0996,0.1353,0.2526,0.2853,0.362,0.5477,0.6261,0.8331,1.0678,0.0611,0.0789,0.1519,0.2076,0.243,0.325,0.4823,0.614,0.9155,1.2186,0.1045,0.2008,0.2237,0.3608,0.4381,0.5386,0.6793,0.7889,0.8915,1.0236,0.0604,0.0836,0.1594,0.3315,0.3829,0.467,0.6001,0.7236,0.9653,1.2192,0.0794,0.1594,0.2231,0.3967,0.4386,0.4818,0.5523,0.686,0.7117,0.9966,0.1299,0.3276,0.6295,0.8034,0.8239,0.8432,0.9188,0.9357,0.9665,0.9942,0.1509,0.2291,0.3197,0.3683,0.4558,0.5033,0.6822,0.699,0.8763,0.9576,0.0339,0.0856,0.0994,0.2807,0.3655,0.54,0.6807,0.7947,0.9326,1.1564,0.0711,0.1071,0.1162,0.2424,0.279,0.3211,0.4022,0.4527,0.586,0.7879,0.0,0.0,0.0,0.0,0.0,0.0,0.0,22.8349,0.0,0.0,0.0
0.0351,0.149,0.2081,0.3769,0.4349,0.5229,0.6432,0.661,0.8529,1.0562,0.0897,0.1899,0.1996,0.3017,0.3539,0.4481,0.6291,0.6494,0.788,0.9881,0.0432,0.0996,0.1353,0.2526,0.2853,0.362,0.5477,0.6261,0.8331,1.0678,0.0611,0.0789,0.1519,0.2076,0.243,0.325,0.4823,0.614,0.9155,1.2186,0.1045,0.2008,0.2237,0.3608,0.4381,0.5386,0.6793,0.7889,0.8915,1.0236,0.0604,0.0836,0.1594,0.3315,0.3829,0.467,0.6001,0.7236,0.9653,1.2192,0.0794,0.1594,0.2231,0.3967,0.4386,0.4818,0.5523,0.686,0.7117,0.9966,0.1298,0.3272,0.6285,0.8022,0.8229,0.8424,0.9181,0.9352,0.9662,0.9942,0.1509,0.2291,0.3197,0.3683,0.4558,0.5033,0.6822,0.699,0.8763,0.9576,0.0339,0.0856,0.0994,0.2807,0.3655,0.54,0.6807,0.7947,0.9326,1.1564,0.0711,0.1071,0.1162,0.2424,0.279,0.3211,0.4022,0.4527,0.586,0.7879,0.0,0.0,0.0,0.0,0.0,0.0,0.0,22.6461,0.0,0.0,0.0
0.0351,0.149,0.2081,0.3769,0.4349,0.5229,0.6432,0.661,0.8529,1.0562,0.0897,0.1899,0.1996,0.3017,0.3539,0.4481,0.6291,0.6494,0.788,0.9881,0.0432,0.0996,0.1353,0.2526,0.2853,0.362,0.5477,0.6261,0.8331,1.0678,0.0611,0.0789,0.1519,0.2076,0.243,0.325,0.4823,0.614,0.9155,1.2186,0.1045,0.2008,0.2237,0.3608,0.4381,0.5386,0.6793,0.7889,0.8915,1.0236,0.0604,0.0836,0.1594,0.3315,0.3829,0.467,0.6001,0.7236,0.9653,1.2192,0.0794,0.1594,0.2231,0.3967,0.4386,0.4818,0.5523,0.686,0.7117,0.9966,0.1298,0.3269,0.6275,0.801,0.8219,0.8415,0.9175,0.9346,0.966,0.9942,0.1509,0.2291,0.3197,0.3683,0.4558,0.5033,0.6822,0.699,0.8763,0.9576,0.0339,0.0856,0.0994,0.2807,0.3655,0.54,0.6807,0.7947,0.9326,1.1564,0.0711,0.1071,0.1162,0.2424,0.279,0.3211,0.4022,0.4527,0.586,0.7879,0.0,0.0,0.0,0.0,0.0,0.0,0.0,22.4502,0.0,0.0,0.0
0.0351,0.149,0.2081,0.3769,0.4349,0.5229,0.6432,0.661,0.8529,1.0562,0.0897,0.1899,0.1996,0.3017,0.3539,0.4481,0.6291,0.6494,0.788,0.9881,0.0432,0.0996,0.1353,0.2526,0.2853,0.362,0.5477,0.6261,0.8331,1.0678,0.0611,0.0789,0.1519,0.2076,0.243,0.325,0.4823,0.614,0.9155,1.2186,0.1045,0.2008,0.2237,0.3608,0.4381,0.5386,0.6793,0.7889,0.8915,1.0236,0.0604,0.0836,0.1594,0.3315,0.3829,0.467,0.6001,0.7236,0.9653,1.2192,0.0794,0.1594,0.2231,0.3967,0.4386,0.4818,0.5523,0.686,0.7117,0.9966,0.1297,0.3266,0.6265,0.7998,0.8208,0.8405,0.9168,0.934,0.9657,0.9942,0.1509,0.2291,0.3197,0.3683,0.4558,0.5033,0.6822,0.699,0.8763,0.9576,0.0339,0.0856,0.0994,0.2807,0.3655,0.54,0.6807,0.7947,0.9326,1.1564,0.0711,0.1071,0.1162,0.2424,0.279,0.3211,0.4022,0.4527,0.586,0.7879,0.0,0.0,0.0,0.0,0.0,0.0,0.0,22.2466,0.0,0.0,0.0
0.0351,0.149,0.2081,0.3769,0.4349,0.5229,0.6432,0.661,0.8529,1.0562,0.0897,0.1899,0.1996,0.3017,0.3539,0.4481,0.6291,0.6494,0.788,0.9881,0.0432,0.0996,0.1353,0.2526,0.2853,0.362,0.5477,0.6261,0.8331,1.0678,0.0611,0.0789,0.1519,0.2076,0.243,0.325,0.4823,0.614,0.9155,1.2186,0.1045,0.2008,0.2237,0.3608,0.4381,0.5386,0.6793,0.7889,0.8915,1.0236,0.0604,0.0836,0.1594,0.3315,0.3829,0.467,0.6001,0.7236,0.9653,1.2192,0.0794,0.1594,0.2231,0.3967,0.4386,0.4818,0.5523,0.686,0.7117,0.9966,0.1297,0.3262,0.6255,0.7985,0.8197,0.8396,0.916,0.9334,0.9654,0.9942,0.1509,0.2291,0.3197,0.3683,0.4558,0.5033,0.6822,0.699,0.8763,0.9576,0.0339,0.0856,0.0994,0.2807,0.3655,0.54,0.6807,0.7947,0.9326,1.1564,0.0711,0.1071,0.1162,0.2424,0.279,0.3211,0.4022,0.4527,0.586,0.7879,0.0,0.0,0.0,0.0,0.0,0.0,0.0,22.0348,0.0,0.0,0.0
0.0351,0.149,0.2081,0.3769,0.4349,0.5229,0.6432,0.661,0.8529,1.0562,0.0897,0.1899,0.1996,0.3017,0.3539,0.4481,0.6291,0.6494,0.788,0.9881,0.0432,0.0996,0.1353,0.2526,0.2853,0.362,0.5477,0.6261,0.8331,1.0678,0.0611,0.0789,0.1519,0.2076,0.243,0.325,0.4823,0.614,0.9155,1.2186,0.1045,0.2008,0.2237,0.3608,0.4381,0.5386,0.6793,0.7889,0.8915,1.0236,0.0604,0.0836,0.1594,0.3315,0.3829,0.467,0.6001,0.7236,0.9653,1.2192,0.0794,0.1594,0.2231,0.3967,0.4386,0.4818,0.5523,0.686,0.7117,0.9966,0.1297,0.3258,0.6244,0.7972,0.8185,0.8386,0.9153,0.9328,0.9651,0.9943,0.1509,0.2291,0.3197,0.3683,0.4558,0.5033,0.6822,0.699,0.8763,0.9576,0.0339,0.0856,0.0994,0.2807,0.3655,0.54,0.6807,0.7947,0.9326,1.1564,0.0711,0.1071,0.1162,0.2424,0.279,0.3211,0.4022,0.4527,0.586,0.7879,0.0,0.0,0.0,0.0,0.0,0.0,0.0,21.8145,0.0,0.0,0.0
0.0351,0.149,0.2081,0.3769,0.4349,0.5229,0.6432,0.661,0.8529,1.0562,0.0897,0.1899,0.1996,0.3017,0.3539,0.4481,0.6291,0.6494,0.788,0.9881,0.0432,0.0996,0.1353,0.2526,0.2853,0.362,0.5477,0.6261,0.8331,1.0678,0.0611,0.0789,0.1519,0.2076,0.243,0.325,0.4823,0.614,0.9155,1.2186,0.1045,0.2008,0.2237,0.3608,0.4381,0.5386,0.6793,0.7889,0.8915,1.0236,0.0604,0.0836,0.1594,0.3315,0.3829,0.467,0.6001,0.7236,0.9653,1.2192,0.0794,0.1594,0.2231,0.3967,0.4386,0.4818,0.5523,0.686,0.7117,0.9966,0.1296,0.3254,0.6232,0.7958,0.8173,0.8376,0.9145,0.9321,0.9648,0.9943,0.1509,0.2291,0.3197,0.3683,0.4558,0.5033,0.6822,0.699,0.8763,0.9576,0.0339,0.0856,0.0994,0.2807,0.3655,0.54,0.6807,0.7947,0.9326,1.1564,0.0711,0.1071,0.1162,0.2424,0.279,0.3211,0.4022,0.4527,0.586,0.7879,0.0,0.0,0.0,0.0,0.0,0.0,0.0,21.5849,0.0,0.0,0.0
0.0351,0.149,0.2081,0.3769,0.4349,0.5229,0.6432,0.661,0.8529,1.0562,0.0897,0.1899,0.1996,0.3017,0.3539,0.4481,0.6291,0.6494,0.788,0.9881,0.0432,0.0996,0.1353,0.2526,0.2853,0.362,0.5477,0.6261,0.8331,1.0678,0.0611,0.0789,0.1519,0.2076,0.243,0.325,0.4823,0.614,0.9155,1.2186,0.1045,0.2008,0.2237,0.3608,0.4381,0.5386,0.6793,0.7889,0.8915,1.0236,0.0604,0.0836,0.1594,0.3315,0.3829,0.467,0.6001,0.7236,0.9653,1.2192,0.0794,0.1594,0.2231,0.3967,0.4386,0.4818,0.5523,0.686,0.7117,0.9966,0.1296,0.325,0.622,0.7944,0.8161,0.8365,0.9137,0.9314,0.9645,0.9943,0.1509,0.2291,0.3197,0.3683,0.4558,0.5033,0.6822,0.699,0.8763,0.9576,0.0339,0.0856,0.0994,0.2807,0.3655,0.54,0.6807,0.7947,0.9326,1.1564,0.0711,0.1071,0.1162,0.2424,0.279,0.3211,0.4022,0.4527,0.586,0.7879,0.0,0.0,0.0,0.0,0.0,0.0,0.0,21.3456,0.0,0.0,0.0
0.0351,0.149,0.2081,0.3769,0.4349,0.5229,0.6432,0.661,0.8529,1.0562,0.0897,0.1899,0.1996,0.3017,0.3539,0.4481,0.6291,0.6494,0.788,0.9881,0.0432,0.0996,0.1353,0.2526,0.2853,0.362,0.5477,0.6261,0.8331,1.0678,0.0611,0.0789,0.1519,0.2076,0.243,0.325,0.4823,0.614,0.9155,1.2186,0.1045,0.2008,0.2237,0.3608,0.4381,0.5386,0.6793,0.7889,0.8915,1.0236,0.0604,0.0836,0.1594,0.3315,0.3829,0.467,0.6001,0.7236,0.9653,1.2192,0.0794,0.1594,0.2231,0.3967,0.4386,0.4818,0.5523,0.686,0.7117,0.9966,0.1295,0.3246,0.6208,0.7929,0.8148,0.8354,0.9128,0.9307,0.9642,0.9943,0.1509,0.2291,0.3197,0.3683,0.4558,0.5033,0.6822,0.699,0.8763,0.9576,0.0339,0.0856,0.0994,0.2807,0.3655,0.54,0.6807,0.7947,0.9326,1.1564,0.0711,0.1071,0.1162,0.2424,0.279,0.3211,0.4022,0.4527,0.586,0.7879,0.0,0.0,0.0,0.0,0.0,0.0,0.0,21.0959,0.0,0.0,0.0
0.0351,0.149,0.2081,0.3769,0.4349,0.5229,0.6432,0.661,0.8529,1.0562,0.0897,0.1899,0.1996,0.3017,0.3539,0.4481,0.6291,0.6494,0.788,0.9881,0.0432,0.0996,0.1353,0.2526,0.2853,0.362,0.5477,0.6261,0.8331,1.0678,0.0611,0.0789,0.1519,0.2076,0.243,0.325,0.4823,0.614,0.9155,1.2186,0.1045,0.2008,0.2237,0.3608,0.4381,0.5386,0.6793,0.7889,0.8915,1.0236,0.0604,0.0836,0.1594,0.3315,0.3829,0.467,0.6001,0.7236,0.9653,1.2192,0.0794,0.1594,0.2231,0.3967,0.4386,0.4818,0.5523,0.686,0.7117,0.9966,0.1295,0.3242,0.6195,0.7913,0.8134,0.8342,0.9119,0.93,0.9639,0.9943,0.1509,0.2291,0.3197,0.3683,0.4558,0.5033,0.6822,0.699,0.8763,0.9576,0.0339,0.0856,0.0994,0.2807,0.3655,0.54,0.6807,0.7947,0.9326,1.1564,0.0711,0.1071,0.1162,0.2424,0.279,0.3211,0.4022,0.4527,0.586,0.7879,0.0,0.0,0.0,0.0,0.0,0.0,0.0,20.8352,0.0,0.0,0.0
0.0351,0.149,0.2081,0.3769,0.4349,0.5229,0.6432,0.661,0.8529,1.0562,0.0897,0.1899,0.1996,0.3017,0.3539,0.4481,0.6291,0.6494,0.788,0.9881,0.0432,0.0996,0.1353,0.2526,0.2853,0.362,0.5477,0.6261,0.8331,1.0678,0.0611,0.0789,0.1519,0.2076,0.243,0.325,0.4823,0.614,0.9155,1.2186,0.1045,0.2008,0.2237,0.3608,0.4381,0.5386,0.6793,0.7889,0.8915,1.0236,0.0604,0.0836,0.1594,0.3315,0.3829,0.467,0.6001,0.7236,0.9653,1.2192,0.0794,0.1594,0.2231,0.3967,0.4386,0.4818,0.5523,0.686,0.7117,0.9966,0.1294,0.3237,0.6181,0.7897,0.812,0.833,0.911,0.9292,0.9635,0.9943,0.1509,0.2291,0.3197,0.3683,0.4558,0.5033,0.6822,0.699,0.8763,0.9576,0.0339,0.0856,0.0994,0.2807,0.3655,0.54,0.6807,0.7947,0.9326,1.1564,0.0711,0.1071,0.1162,0.2424,0.279,0.3211,0.4022,0.4527,0.586,0.7879,0.0,0.0,0.0,0.0,0.0,0.0,0.0,20.5626,0.0,0.0,0.0
0.0351,0.149,0.2081,0.3769,0.4349,0.5229,0.6432,0.661,0.8529,1.0562,0.0897,0.1899,0.1996,0.3017,0.3539,0.4481,0.6291,0.6494,0.788,0.9881,0.0432,0.0996,0.1353,0.2526,0.2853,0.362,0.5477,0.6261,0.8331,1.0678,0.0611,0.0789,0.1519,0.2076,0.243,0.325,0.4823,0.614,0.9155,1.2186,0.1045,0.2008,0.2237,0.3608,0.4381,0.5386,0.6793,0.7889,0.8915,1.0236,0.0604,0.0836,0.1594,0.3315,0.3829,0.467,0.6001,0.7236,0.9653,1.2192,0.0794,0.1594,0.2231,0.3967,0.4386,0.4818,0.5523,0.686,0.7117,0.9966,0.1294,0.3232,0.6167,0.788,0.8105,0.8317,0.91,0.9283,0.9631,0.9943,0.1509,0.2291,0.3197,0.3683,0.4558,0.5033,0.6822,0.699,0.8763,0.9576,0.0339,0.0856,0.0994,0.2807,0.3655,0.54,0.6807,0.7947,0.9326,1.1564,0.0711,0.1071,0.1162,0.2424,0.279,0.3211,0.4022,0.4527,0.586,0.7879,0.0,0.0,0.0,0.0,0.0,0.0,0.0,20.2775,0.0,0.0,0.0
0.0351,0.149,0.2081,0.3769,0.4349,0.5229,0.6432,0.661,0.8529,1.0562,0.0897,0.1899,0.1996,0.3017,0.3539,0.4481,0.6291,0.6494,0.788,0.9881,0.0432,0.0996,0.1353,0.2526,0.2853,0.362,0.5477,0.6261,0.8331,1.0678,0.0611,0.0789,0.1519,0.2076,0.243,0.325,0.4823,0.614,0.9155,1.2186,0.1045,0.2008,0.2237,0.3608,0.4381,0.5386,0.6793,0.7889,0.8915,1.0236,0.0604,0.0836,0.1594,0.3315,0.3829,0.467,0.6001,0.7236,0.9653,1.2192,0.0794,0.1594,0.2231,0.3967,0.4386,0.4818,0.5523,0.686,0.7117,0.9966,0.1293,0.3227,0.6152,0.7862,0.8089,0.8303,0.909,0.9275,0.9627,0.9944,0.1509,0.2291,0.3197,0.3683,0.4558,0.5033,0.6822,0.699,0.8763,0.9576,0.0339,0.0856,0.0994,0.2807,0.3655,0.54,0.6807,0.7947,0.9326,1.1564,0.0711,0.1071,0.1162,0.2424,0.279,0.3211,0.4022,0.4527,0.586,0.7879,0.0,0.0,0.0,0.0,0.0,0.0,0.0,19.979,0.0,0.0,0.0
0.0351,0.149,0.2081,0.3769,0.4349,0.5229,0.6432,0.661,0.8529,1.0562,0.0897,0.1899,0.1996,0.3017,0.3539,0.4481,0.6291,0.6494,0.788,0.9881,0.0432,0.0996,0.1353,0.2526,0.2853,0.362,0.5477,0.6261,0.8331,1.0678,0.0611,0.0789,0.1519,0.2076,0.243,0.325,0.4823,0.614,0.9155,1.2186,0.1045,0.2008,0.2237,0.3608,0.4381,0.5386,0.6793,0.7889,0.8915,1.0236,0.0604,0.0836,0.1594,0.3315,0.3829,0.467,0.6001,0.7236,0.9653,1.2192,0.0794,0.1594,0.2231,0.3967,0.4386,0.4818,0.5523,0.686,0.7117,0.9966,0.1293,0.3222,0.6136,0.7843,0.8073,0.8289,0.9079,0.9266,0.9623,0.9944,0.1509,0.2291,0.3197,0.3683,0.4558,0.5033,0.6822,0.699,0.8763,0.9576,0.0339,0.0856,0.0994,0.2807,0.3655,0.54,0.6807,0.7947,0.9326,1.1564,0.0711,0.1071,0.1162,0.2424,0.279,0.3211,0.4022,0.4527,0.586,0.7879,0.0,0.0,0.0,0.0,0.0,0.0,0.0,19.6662,0.0,0.0,0.0
0.0351,0.149,0.2081,0.3769,0.4349,0.5229,0.6432,0.661,0.8529,1.0562,0.0897,0.1899,0.1996,0.3017,0.3539,0.4481,0.6291,0.6494,0.788,0.9881,0.0432,0.0996,0.1353,0.2526,0.2853,0.362,0.5477,0.6261,0.8331,1.0678,0.0611,0.0789,0.1519,0.2076,0.243,0.325,0.4823,0.614,0.9155,1.2186,0.1045,0.2008,0.2237,0.3608,0.4381,0.5386,0.6793,0.7889,0.8915,1.0236,0.0604,0.0836,0.1594,0.3315,0.3829,0.467,0.6001,0.7236,0.9653,1.2192,0.0794,0.1594,0.2231,0.3967,0.4386,0.4818,0.5523,0.686,0.7117,0.9966,0.1292,0.3216,0.6119,0.7822,0.8055,0.8274,0.9068,0.9256,0.9619,0.9944,0.1509,0.2291,0.3197,0.3683,0.4558,0.5033,0.6822,0.699,0.8763,0.9576,0.0339,0.0856,0.0994,0.2807,0.3655,0.54,0.6807,0.7947,0.9326,1.1564,0.0711,0.1071,0.1162,0.2424,0.279,0.3211,0.4022,0.4527,0.586,0.7879,0.0,0.0,0.0,0.0,0.0,0.0,0.0,19.3385,0.0,0.0,0.0
0.0351,0.149,0.2081,0.3769,0.4349,0.5229,0.6432,0.661,0.8529,1.0562,0.0897,0.1899,0.1996,0.3017,0.3539,0.4481,0.6291,0.6494,0.788,0.9881,0.0432,0.0996,0.1353,0.2526,0.2853,0.362,0.5477,0.6261,0.8331,1.0678,0.0611,0.0789,0.1519,0.2076,0.243,0.325,0.4823,0.614,0.9155,1.2186,0.1045,0.2008,0.2237,0.3608,0.4381,0.5386,0.6793,0.7889,0.8915,1.0236,0.0604,0.0836,0.1594,0.3315,0.3829,0.467,0.6001,0.7236,0.9653,1.2192,0.0794,0.1594,0.2231,0.3967,0.4386,0.4818,0.5523,0.686,0.7117,0.9966,0.1291,0.321,0.6101,0.7801,0.8037,0.8258,0.9055,0.9246,0.9614,0.9944,0.1509,0.2291,0.3197,0.3683,0.4558,0.5033,0.6822,0.699,0.8763,0.9576,0.0339,0.0856,0.0994,0.2807,0.3655,0.54,0.6807,0.7947,0.9326,1.1564,0.0711,0.1071,0.1162,0.2424,0.279,0.3211,0.4022,0.4527,0.586,0.7879,0.0,0.0,0.0,0.0,0.0,0.0,0.0,18.9947,0.0,0.0,0.0
0.0351,0.149,0.2081,0.3769,0.4349,0.5229,0.6432,0.661,0.8529,1.0562,0.0897,0.1899,0.1996,0.3017,0.3539,0.4481,0.6291,0.6494,0.788,0.9881,0.0432,0.0996,0.1353,0.2526,0.2853,0.362,0.5477,0.6261,0.8331,1.0678,0.0611,0.0789,0.1519,0.2076,0.243,0.325,0.4823,0.614,0.9155,1.2186,0.1045,0.2008,0.2237,0.3608,0.4381,0.5386,0.6793,0.7889,0.8915,1.0236,0.0604,0.0836,0.1594,0.3315,0.3829,0.467,0.6001,0.7236,0.9653,1.2192,0.0794,0.1594,0.2231,0.3967,0.4386,0.4818,0.5523,0.686,0.7117,0.9966,0.1291,0.3203,0.6082,0.7779,0.8017,0.8241,0.9043,0.9235,0.9609,0.9944,0.1509,0.2291,0.3197,0.3683,0.4558,0.5033,0.6822,0.699,0.8763,0.9576,0.0339,0.0856,0.0994,0.2807,0.3655,0.54,0.6807,0.7947,0.9326,1.1564,0.0711,0.1071,0.1162,0.2424,0.279,0.3211,0.4022,0.4527,0.586,0.7879,0.0,0.0,0.0,0.0,0.0,0.0,0.0,18.6343,0.0,0.0,0.0
0.0351,0.149,0.2081,0.3769,0.4349,0.5229,0.6432,0.661,0.8529,1.0562,0.0897,0.1899,0.1996,0.3017,0.3539,0.4481,0.6291,0.6494,0.788,0.9881,0.0432,0.0996,0.1353,0.2526,0.2853,0.362,0.5477,0.6261,0.8331,1.0678,0.0611,0.0789,0.1519,0.2076,0.243,0.325,0.4823,0.614,0.9155,1.2186,0.1045,0.2008,0.2237,0.3608,0.4381,0.5386,0.6793,0.7889,0.8915,1.0236,0.0604,0.0836,0.1594,0.3315,0.3829,0.467,0.6001,0.7236,0.9653,1.2192,0.0794,0.1594,0.2231,0.3967,0.4386,0.4818,0.5523,0.686,0.7117,0.9966,0.129,0.3197,0.6062,0.7755,0.7996,0.8223,0.9029,0.9223,0.9604,0.9945,0.1509,0.2291,0.3197,0.3683,0.4558,0.5033,0.6822,0.699,0.8763,0.9576,0.0339,0.0856,0.0994,0.2807,0.3655,0.54,0.6807,0.7947,0.9326,1.1564,0.0711,0.1071,0.1162,0.2424,0.279,0.3211,0.4022,0.4527,0.586,0.7879,0.0,0.0,0.0,0.0,0.0,0.0,0.0,18.2559,0.0,0.0,0.0
0.0351,0.149,0.2081,0.3769,0.4349,0.5229,0.6432,0.661,0.8529,1.0562,0.0897,0.1899,0.1996,0.3017,0.3539,0.4481,0.6291,0.6494,0.788,0.9881,0.0432,0.0996,0.1353,0.2526,0.2853,0.362,0.5477,0.6261,0.8331,1.0678,0.0611,0.0789,0.1519,0.2076,0.243,0.325,0.4823,0.614,0.9155,1.2186,0.1045,0.2008,0.2237,0.3608,0.4381,0.5386,0.6793,0.7889,0.8915,1.0236,0.0604,0.0836,0.1594,0.3315,0.3829,0.467,0.6001,0.7236,0.9653,1.2192,0.0794,0.1594,0.2231,0.3967,0.4386,0.4818,0.5523,0.686,0.7117,0.9966,0.1289,0.3189,0.6041,0.7729,0.7974,0.8204,0.9014,0.9211,0.9599,0.9945,0.1509,0.2291,0.3197,0.3683,0.4558,0.5033,0.6822,0.699,0.8763,0.9576,0.0339,0.0856,0.0994,0.2807,0.3655,0.54,0.6807,0.7947,0.9326,1.1564,0.0711,0.1071,0.1162,0.2424,0.279,0.3211,0.4022,0.4527,0.586,0.7879,0.0,0.0,0.0,0.0,0.0,0.0,0.0,17.8507,0.0,0.0,0.0
0.0351,0.149,0.2081,0.3769,0.4349,0.5229,0.6432,0.661,0.8529,1.0562,0.0897,0.1899,0.1996,0.3017,0.3539,0.4481,0.6291,0.6494,0.788,0.9881,0.0432,0.0996,0.1353,0.2526,0.2853,0.362,0.5477,0.6261,0.8331,1.0678,0.0611,0.0789,0.1519,0.2076,0.243,0.325,0.4823,0.614,0.9155,1.2186,0.1045,0.2008,0.2237,0.3608,0.4381,0.5386,0.6793,0.7889,0.8915,1.0236,0.0604,0.0836,0.1594,0.3315,0.3829,0.467,0.6001,0.7236,0.9653,1.2192,0.0794,0.1594,0.2231,0.3967,0.4386,0.4818,0.5523,0.686,0.7117,0.9966,0.1288,0.3181,0.6018,0.7701,0.795,0.8183,0.8998,0.9198,0.9593,0.9945,0.1509,0.2291,0.3197,0.3683,0.4558,0.5033,0.6822,0.699,0.8763,0.9576,0.0339,0.0856,0.0994,0.2807,0.3655,0.54,0.6807,0.7947,0.9326,1.1564,0.0711,0.1071,0.1162,0.2424,0.279,0.3211,0.4022,0.4527,0.586,0.7879,0.0,0.0,0.0,0.0,0.0,0.0,0.0,17.4134,0.0,0.0,0.0
0.0351,0.149,0.2081,0.3769,0.4349,0.5229,0.6432,0.661,0.8529,1.0562,0.0897,0.1899,0.1996,0.3017,0.3539,0.4481,0.6291,0.6494,0.788,0.9881,0.0432,0.0996,0.1353,0.2526,0.2853,0.362,0.5477,0.6261,0.8331,1.0678,0.0611,0.0789,0.1519,0.2076,0.243,0.325,0.4823,0.614,0.9155,1.2186,0.1045,0.2008,0.2237,0.3608,0.4381,0.5386,0.6793,0.7889,0.8915,1.0236,0.0604,0.0836,0.1594,0.3315,0.3829,0.467,0.6001,0.7236,0.9653,1.2192,0.0794,0.1594,0.2231,0.3967,0.4386,0.4818,0.5523,0.686,0.7117,0.9966,0.1287,0.3173,0.5993,0.7671,0.7924,0.8161,0.8981,0.9183,0.9586,0.9946,0.1509,0.2291,0.3197,0.3683,0.4558,0.5033,0.6822,0.699,0.8763,0.9576,0.0339,0.0856,0.0994,0.2807,0.3655,0.54,0.6807,0.7947,0.9326,1.1564,0.0711,0.1071,0.1162,0.2424,0.279,0.3211,0.4022,0.4527,0.586,0.7879,0.0,0.0,0.0,0.0,0.0,0.0,0.0,16.9403,0.0,0.0,0.0
0.0351,0.149,0.2081,0.3769,0.4349,0.5229,0.6432,0.661,0.8529,1.0562,0.0897,0.1899,0.1996,0.3017,0.3539,0.4481,0.6291,0.6494,0.788,0.9881,0.0432,0.0996,0.1353,0.2526,0.2853,0.362,0.5477,0.6261,0.8331,1.0678,0.0611,0.0789,0.1519,0.2076,0.243,0.325,0.4823,0.614,0.9155,1.2186,0.1045,0.2008,0.2237,0.3608,0.4381,0.5386,0.6793,0.7889,0.8915,1.0236,0.0604,0.0836,0.1594,0.3315,0.3829,0.467,0.6001,0.7236,0.9653,1.2192,0.0794,0.1594,0.2231,0.3967,0.4386,0.4818,0.5523,0.686,0.7117,0.9966,0.1286,0.3164,0.5966,0.7639,0.7896,0.8137,0.8963,0.9168,0.9579,0.9946,0.1509,0.2291,0.3197,0.3683,0.4558,0.5033,0.6822,0.699,0.8763,0.9576,0.0339,0.0856,0.0994,0.2807,0.3655,0.54,0.6807,0.7947,0.9326,1.1564,0.0711,0.1071,0.1162,0.2424,0.279,0.3211,0.4022,0.4527,0.586,0.7879,0.0,0.0,0.0,0.0,0.0,0.0,0.0,16.4273,0.0,0.0,0.0
0.0351,0.149,0.2081,0.3769,0.4349,0.5229,0.6432,0.661,0.8529,1.0562,0.0897,0.1899,0.1996,0.3017,0.3539,0.4481,0.6291,0.6494,0.788,0.9881,0.0432,0.0996,0.1353,0.2526,0.2853,0.362,0.5477,0.6261,0.8331,1.0678,0.0611,0.0789,0.1519,0.2076,0.243,0.325,0.4823,0.614,0.9155,1.2186,0.1045,0.2008,0.2237,0.3608,0.4381,0.5386,0.6793,0.7889,0.8915,1.0236,0.0604,0.0836,0.1594,0.3315,0.3829,0.467,0.6001,0.7236,0.9653,1.2192,0.0794,0.1594,0.2231,0.3967,0.4386,0.4818,0.5523,0.686,0.7117,0.9966,0.1285,0.3153,0.5936,0.7603,0.7865,0.811,0.8942,0.9151,0.9571,0.9947,0.1509,0.2291,0.3197,0.3683,0.4558,0.5033,0.6822,0.699,0.8763,0.9576,0.0339,0.0856,0.0994,0.2807,0.3655,0.54,0.6807,0.7947,0.9326,1.1564,0.0711,0.1071,0.1162,0.2424,0.279,0.3211,0.4022,0.4527,0.586,0.7879,0.0,0.0,0.0,0.0,0.0,0.0,0.0,15.8699,0.0,0.0,0.0
0.0351,0.149,0.2081,0.3769,0.4349,0.5229,0.6432,0.661,0.8529,1.0562,0.0897,0.1899,0.1996,0.3017,0.3539,0.4481,0.6291,0.6494,0.788,0.9881,0.0432,0.0996,0.1353,0.2526,0.2853,0.362,0.5477,0.6261,0.8331,1.0678,0.0611,0.0789,0.1519,0.2076,0.243,0.325,0.4823,0.614,0.9155,1.2186,0.1045,0.2008,0.2237,0.3608,0.4381,0.5386,0.6793,0.7889,0.8915,1.0236,0.0604,0.0836,0.1594,0.3315,0.3829,0.467,0.6001,0.7236,0.9653,1.2192,0.0794,0.1594,0.2231,0.3967,0.4386,0.4818,0.5523,0.686,0.7117,0.9966,0.1283,0.3142,0.5903,0.7565,0.7831,0.8081,0.892,0.9132,0.9563,0.9947,0.1509,0.2291,0.3197,0.3683,0.4558,0.5033,0.6822,0.699,0.8763,0.9576,0.0339,0.0856,0.0994,0.2807,0.3655,0.54,0.6807,0.7947,0.9326,1.1564,0.0711,0.1071,0.1162,0.2424,0.279,0.3211,0.4022,0.4527,0.586,0.7879,0.0,0.0,0.0,0.0,0.0,0.0,0.0,15.2636,0.0,0.0,0.0
0.0351,0.149,0.2081,0.3769,0.4349,0.5229,0.6432,0.661,0.8529,1.0562,0.0897,0.1899,0.1996,0.3017,0.3539,0.4481,0.6291,0.6494,0.788,0.9881,0.0432,0.0996,0.1353,0.2526,0.2853,0.362,0.5477,0.6261,0.8331,1.0678,0.0611,0.0789,0.1519,0.2076,0.243,0.325,0.4823,0.614,0.9155,1.2186,0.1045,0.2008,0.2237,0.3608,0.4381,0.5386,0.6793,0.7889,0.8915,1.0236,0.0604,0.0836,0.1594,0.3315,0.3829,0.467,0.6001,0.7236,0.9653,1.2192,0.0794,0.1594,0.2231,0.3967,0.4386,0.4818,0.5523,0.686,0.7117,0.9966,0.1282,0.313,0.5867,0.7521,0.7793,0.8049,0.8895,0.9111,0.9553,0.9948,0.1509,0.2291,0.3197,0.3683,0.4558,0.5033,0.6822,0.699,0.8763,0.9576,0.0339,0.0856,0.0994,0.2807,0.3655,0.54,0.6807,0.7947,0.9326,1.1564,0.0711,0.1071,0.1162,0.2424,0.279,0.3211,0.4022,0.4527,0.586,0.7879,0.0,0.0,0.0,0.0,0.0,0.0,0.0,14.6041,0.0,0.0,0.0
0.0351,0.149,0.2081,0.3769,0.4349,0.5229,0.6432,0.661,0.8529,1.0562,0.0897,0.1899,0.1996,0.3017,0.3539,0.4481,0.6291,0.6494,0.788,0.9881,0.0432,0.0996,0.1353,0.2526,0.2853,0.362,0.5477,0.6261,0.8331,1.0678,0.0611,0.0789,0.1519,0.2076,0.243,0.325,0.4823,0.614,0.9155,1.2186,0.1045,0.2008,0.2237,0.3608,0.4381,0.5386,0.6793,0.7889,0.8915,1.0236,0.0604,0.0836,0.1594,0.3315,0.3829,0.467,0.6001,0.7236,0.9653,1.2192,0.0794,0.1594,0.2231,0.3967,0.4386,0.4818,0.5523,0.686,0.7117,0.9966,0.128,0.3116,0.5826,0.7473,0.7751,0.8012,0.8867,0.9088,0.9543,0.9948,0.1509,0.2291,0.3197,0.3683,0.4558,0.5033,0.6822,0.699,0.8763,0.9576,0.0339,0.0856,0.0994,0.2807,0.3655,0.54,0.6807,0.7947,0.9326,1.1564,0.0711,0.1071,0.1162,0.2424,0.279,0.3211,0.4022,0.4527,0.586,0.7879,0.0,0.0,0.0,0.0,0.0,0.0,0.0,13.8885,0.0,0.0,0.0
0.0351,0.149,0.2081,0.3769,0.4349,0.5229,0.6432,0.661,0.8529,1.0562,0.0897,0.1899,0.1996,0.3017,0.3539,0.4481,0.6291,0.6494,0.788,0.9881,0.0432,0.0996,0.1353,0.2526,0.2853,0.362,0.5477,0.6261,0.8331,1.0678,0.0611,0.0789,0.1519,0.2076,0.243,0.325,0.4823,0.614,0.9155,1.2186,0.1045,0.2008,0.2237,0.3608,0.4381,0.5386,0.6793,0.7889,0.8915,1.0236,0.0604,0.0836,0.1594,0.3315,0.3829,0.467,0.6001,0.7236,0.9653,1.2192,0.0794,0.1594,0.2231,0.3967,0.4386,0.4818,0.5523,0.686,0.7117,0.9966,0.1278,0.31,0.578,0.7418,0.7703,0.7971,0.8836,0.9061,0.953,0.9949,0.1509,0.2291,0.3197,0.3683,0.4558,0.5033,0.6822,0.699,0.8763,0.9576,0.0339,0.0856,0.0994,0.2807,0.3655,0.54,0.6807,0.7947,0.9326,1.1564,0.0711,0.1071,0.1162,0.2424,0.279,0.3211,0.4022,0.4527,0.586,0.7879,0.0,0.0,0.0,0.0,0.0,0.0,0.0,13.1123,0.0,0.0,0.0
0.0351,0.149,0.2081,0.3769,0.4349,0.5229,0.6432,0.661,0.8529,1.0562,0.0897,0.1899,0.1996,0.3017,0.3539,0.4481,0.6291,0.6494,0.788,0.9881,0.0432,0.0996,0.1353,0.2526,0.2853,0.362,0.5477,0.6261,0.8331,1.0678,0.0611,0.0789,0.1519,0.2076,0.243,0.325,0.4823,0.614,0.9155,1.2186,0.1045,0.2008,0.2237,0.3608,0.4381,0.5386,0.6793,0.7889,0.8915,1.0236,0.0604,0.0836,0.1594,0.3315,0.3829,0.467,0.6001,0.7236,0.9653,1.2192,0.0794,0.1594,0.2231,0.3967,0.4386,0.4818,0.5523,0.686,0.7117,0.9966,0.1276,0.3082,0.5727,0.7355,0.7648,0.7924,0.8799,0.9031,0.9517,0.995,0.1509,0.2291,0.3197,0.3683,0.4558,0.5033,0.6822,0.699,0.8763,0.9576,0.0339,0.0856,0.0994,0.2807,0.3655,0.54,0.6807,0.7947,0.9326,1.1564,0.0711,0.1071,0.1162,0.2424,0.279,0.3211,0.4022,0.4527,0.586,0.7879,0.0,0.0,0.0,0.0,0.0,0.0,0.0,12.2542,0.0,0.0,0.0
0.0351,0.149,0.2081,0.3769,0.4349,0.5229,0.6432,0.661,0.8529,1.0562,0.0897,0.1899,0.1996,0.3017,0.3539,0.4481,0.6291,0.6494,0.788,0.9881,0.0432,0.0996,0.1353,0.2526,0.2853,0.362,0.5477,0.6261,0.8331,1.0678,0.0611,0.0789,0.1519,0.2076,0.243,0.325,0.4823,0.614,0.9155,1.2186,0.1045,0.2008,0.2237,0.3608,0.4381,0.5386,0.6793,0.7889,0.8915,1.0236,0.0604,0.0836,0.1594,0.3315,0.3829,0.467,0.6001,0.7236,0.9653,1.2192,0.0794,0.1594,0.2231,0.3967,0.4386,0.4818,0.5523,0.686,0.7117,0.9966,0.1273,0.306,0.5664,0.728,0.7583,0.7868,0.8757,0.8995,0.95,0.9952,0.1509,0.2291,0.3197,0.3683,0.4558,0.5033,0.6822,0.699,0.8763,0.9576,0.0339,0.0856,0.0994,0.2807,0.3655,0.54,0.6807,0.7947,0.9326,1.1564,0.0711,0.1071,0.1162,0.2424,0.279,0.3211,0.4022,0.4527,0.586,0.7879,0.0,0.0,0.0,0.0,0.0,0.0,0.0,11.3168,0.0,0.0,0.0
0.0351,0.149,0.2081,0.3769,0.4349,0.5229,0.6432,0.661,0.8529,1.0562,0.0897,0.1899,0.1996,0.3017,0.3539,0.4481,0.6291,0.6494,0.788,0.9881,0.0432,0.0996,0.1353,0.2526,0.2853,0.362,0.5477,0.6261,0.8331,1.0678,0.0611,0.0789,0.1519,0.2076,0.243,0.325,0.4823,0.614,0.9155,1.2186,0.1045,0.2008,0.2237,0.3608,0.4381,0.5386,0.6793,0.7889,0.8915,1.0236,0.0604,0.0836,0.1594,0.3315,0.3829,0.467,0.6001,0.7236,0.9653,1.2192,0.0794,0.1594,0.2231,0.3967,0.4386,0.4818,0.5523,0.686,0.7117,0.9966,0.1269,0.3034,0.5589,0.7191,0.7505,0.7801,0.8705,0.8952,0.948,0.9953,0.1509,0.2291,0.3197,0.3683,0.4558,0.5033,0.6822,0.699,0.8763,0.9576,0.0339,0.0856,0.0994,0.2807,0.3655,0.54,0.6807,0.7947,0.9326,1.1564,0.0711,0.1071,0.1162,0.2424,0.279,0.3211,0.4022,0.4527,0.586,0.7879,0.0,0.0,0.0,0.0,0.0,0.0,0.0,10.3356,0.0,0.0,0.0
0.0351,0.149,0.2081,0.3769,0.4349,0.5229,0.6432,0.661,0.8529,1.0562,0.0897,0.1899,0.1996,0.3017,0.3539,0.4481,0.6291,0.6494,0.788,0.9881,0.0432,0.0996,0.1353,0.2526,0.2853,0.362,0.5477,0.6261,0.8331,1.0678,0.0611,0.0789,0.1519,0.2076,0.243,0.325,0.4823,0.614,0.9155,1.2186,0.1045,0.2008,0.2237,0.3608,0.4381,0.5386,0.6793,0.7889,0.8915,1.0236,0.0604,0.0836,0.1594,0.3315,0.3829,0.467,0.6001,0.7236,0.9653,1.2192,0.0794,0.1594,0.2231,0.3967,0.4386,0.4818,0.5523,0.686,0.7117,0.9966,0.1264,0.3002,0.5495,0.7081,0.7409,0.7718,0.8641,0.8898,0.9456,0.9956,0.1509,0.2291,0.3197,0.3683,0.4558,0.5033,0.6822,0.699,0.8763,0.9576,0.0339,0.0856,0.0994,0.2807,0.3655,0.54,0.6807,0.7947,0.9326,1.1564,0.0711,0.1071,0.1162,0.2424,0.279,0.3211,0.4022,0.4527,0.586,0.7879,0.0,0.0,0.0,0.0,0.0,0.0,0.0,9.3388,0.0,0.0,0.0
0.0351,0.149,0.2081,0.3769,0.4349,0.5229,0.6432,0.661,0.8529,1.0562,0.0897,0.1899,0.1996,0.3017,0.3539,0.4481,0.6291,0.6494,0.788,0.9881,0.0432,0.0996,0.1353,0.2526,0.2853,0.362,0.5477,0.6261,0.8331,1.0678,0.0611,0.0789,0.1519,0.2076,0.243,0.325,0.4823,0.614,0.9155,1.2186,0.1045,0.2008,0.2237,0.3608,0.4381,0.5386,0.6793,0.7889,0.8915,1.0236,0.0604,0.0836,0.1594,0.3315,0.3829,0.467,0.6001,0.7236,0.9653,1.2192,0.0794,0.1594,0.2231,0.3967,0.4386,0.4818,0.5523,0.686,0.7117,0.9966,0.1258,0.2959,0.5374,0.6937,0.7284,0.7611,0.8558,0.8829,0.9424,0.9959,0.1509,0.2291,0.3197,0.3683,0.4558,0.5033,0.6822,0.699,0.8763,0.9576,0.0339,0.0856,0.0994,0.2807,0.3655,0.54,0.6807,0.7947,0.9326,1.1564,0.0711,0.1071,0.1162,0.2424,0.279,0.3211,0.4022,0.4527,0.586,0.7879,0.0,0.0,0.0,0.0,0.0,0.0,0.0,8.2908,0.0,0.0,0.0
0.0351,0.149,0.2081,0.3769,0.4349,0.5229,0.6432,0.661,0.8529,1.0562,0.0897,0.1899,0.1996,0.3017,0.3539,0.4481,0.6291,0.6494,0.788,0.9881,0.0432,0.0996,0.1353,0.2526,0.2853,0.362,0.5477,0.6261,0.8331,1.0678,0.0611,0.0789,0.1519,0.2076,0.243,0.325,0.4823,0.614,0.9155,1.2186,0.1045,0.2008,0.2237,0.3608,0.4381,0.5386,0.6793,0.7889,0.8915,1.0236,0.0604,0.0836,0.1594,0.3315,0.3829,0.467,0.6001,0.7236,0.9653,1.2192,0.0794,0.1594,0.2231,0.3967,0.4386,0.4818,0.5523,0.686,0.7117,0.9966,0.1249,0.2901,0.5206,0.674,0.7111,0.7463,0.8444,0.8733,0.9379,0.9964,0.1509,0.2291,0.3197,0.3683,0.4558,0.5033,0.6822,0.699,0.8763,0.9576,0.0339,0.0856,0.0994,0.2807,0.3655,0.54,0.6807,0.7947,0.9326,1.1564,0.0711,0.1071,0.1162,0.2424,0.279,0.3211,0.4022,0.4527,0.586,0.7879,0.0,0.0,0.0,0.0,0.0,0.0,0.0,6.973,0.0,0.0,0.0
0.0351,0.149,0.2081,0.3769,0.4349,0.5229,0.6432,0.661,0.8529,1.0562,0.0897,0.1899,0.1996,0.3017,0.3539,0.4481,0.6291,0.6494,0.788,0.9881,0.0432,0.0996,0.1353,0.2526,0.2853,0.362,0.5477,0.6261,0.8331,1.0678,0.0611,0.0789,0.1519,0.2076,0.243,0.325,0.4823,0.614,0.9155,1.2186,0.1045,0.2008,0.2237,0.3608,0.4381,0.5386,0.6793,0.7889,0.8915,1.0236,0.0604,0.0836,0.1594,0.3315,0.3829,0.467,0.6001,0.7236,0.9653,1.2192,0.0794,0.1594,0.2231,0.3967,0.4386,0.4818,0.5523,0.686,0.7117,0.9966,0.1234,0.2811,0.495,0.6442,0.6849,0.7239,0.827,0.8588,0.9311,0.9974,0.1509,0.2291,0.3197,0.3683,0.4558,0.5033,0.6822,0.699,0.8763,0.9576,0.0339,0.0856,0.0994,0.2807,0.3655,0.54,0.6807,0.7947,0.9326,1.1564,0.0711,0.1071,0.1162,0.2424,0.279,0.3211,0.4022,0.4527,0.586,0.7879,0.0,0.0,0.0,0.0,0.0,0.0,0.0,5.3851,0.0,0.0,0.0
0.0351,0.149,0.2081,0.3769,0.4349,0.5229,0.6432,0.661,0.8529,1.0562,0.0897,0.1899,0.1996,0.3017,0.3539,0.4481,0.6291,0.6494,0.788,0.9881,0.0432,0.0996,0.1353,0.2526,0.2853,0.362,0.5477,0.6261,0.8331,1.0678,0.0611,0.0789,0.1519,0.2076,0.243,0.325,0.4823,0.614,0.9155,1.2186,0.1045,0.2008,0.2237,0.3608,0.4381,0.5386,0.6793,0.7889,0.8915,1.0236,0.0604,0.0836,0.1594,0.3315,0.3829,0.467,0.6001,0.7236,0.9653,1.2192,0.0794,0.1594,0.2231,0.3967,0.4386,0.4818,0.5523,0.686,0.7117,0.9966,0.1203,0.2647,0.4493,0.5913,0.6383,0.6842,0.7958,0.833,0.9189,0.9995,0.1509,0.2291,0.3197,0.3683,0.4558,0.5033,0.6822,0.699,0.8763,0.9576,0.0339,0.0856,0.0994,0.2807,0.3655,0.54,0.6807,0.7947,0.9326,1.1564,0.0711,0.1071,0.1162,0.2424,0.279,0.3211,0.4022,0.4527,0.586,0.7879,0.0,0.0,0.0,0.0,0.0,0.0,0.0,3.8159,0.0,0.0,0.0
0.0351,0.149,0.2081,0.3769,0.4349,0.5229,0.6432,0.661,0.8529,1.0562,0.0897,0.1899,0.1996,0.3017,0.3539,0.4481,0.6291,0.6494,0.788,0.9881,0.0432,0.0996,0.1353,0.2526,0.2853,0.362,0.5477,0.6261,0.8331,1.0678,0.0611,0.0789,0.1519,0.2076,0.243,0.325,0.4823,0.614,0.9155,1.2186,0.1045,0.2008,0.2237,0.3608,0.4381,0.5386,0.6793,0.7889,0.8915,1.0236,0.0604,0.0836,0.1594,0.3315,0.3829,0.467,0.6001,0.7236,0.9653,1.2192,0.0794,0.1594,0.2231,0.3967,0.4386,0.4818,0.5523,0.686,0.7117,0.9966,0.111,0.2249,0.3412,0.4691,0.5298,0.5922,0.7224,0.7728,0.8894,1.007,0.1509,0.2291,0.3197,0.3683,0.4558,0.5033,0.6822,0.699,0.8763,0.9576,0.0339,0.0856,0.0994,0.2807,0.3655,0.54,0.6807,0.7947,0.9326,1.1564,0.0711,0.1071,0.1162,0.2424,0.279,0.3211,0.4022,0.4527,0.586,0.7879,0.0,0.0,0.0,0.0,0.0,0.0,0.0,0.2315,0.0,0.0,0.0
0.0351,0.149,0.2081,0.3769,0.4349,0.5229,0.6432,0.661,0.8529,1.0562,0.0897,0.1899,0.1996,0.3017,0.3539,0.4481,0.6291,0.6494,0.788,0.9881,0.0432,0.0996,0.1353,0.2526,0.2853,0.362,0.5477,0.6261,0.8331,1.0678,0.0611,0.0789,0.1519,0.2076,0.243,0.325,0.4823,0.614,0.9155,1.2186,0.1045,0.2008,0.2237,0.3608,0.4381,0.5386,0.6793,0.7889,0.8915,1.0236,0.0604,0.0836,0.1594,0.3315,0.3829,0.467,0.6001,0.7236,0.9653,1.2192,0.0794,0.1594,0.2231,0.3967,0.4386,0.4818,0.5523,0.686,0.7117,0.9966,0.0213,0.0562,0.0878,0.1421,0.2237,0.3395,0.5059,0.6021,0.7972,1.0663,0.1509,0.2291,0.3197,0.3683,0.4558,0.5033,0.6822,0.699,0.8763,0.9576,0.0339,0.0856,0.0994,0.2807,0.3655,0.54,0.6807,0.7947,0.9326,1.1564,0.0711,0.1071,0.1162,0.2424,0.279,0.3211,0.4022,0.4527,0.586,0.7879,0.0,0.0,0.0,0.0,0.0,0.0,0.0,0.0,0.0,0.0,0.0
0.0351,0.149,0.2081,0.3769,0.4349,0.5229,0.6432,0.661,0.8529,1.0562,0.0897,0.1899,0.1996,0.3017,0.3539,0.4481,0.6291,0.6494,0.788,0.9881,0.0432,0.0996,0.1353,0.2526,0.2853,0.362,0.5477,0.6261,0.8331,1.0678,0.0611,0.0789,0.1519,0.2076,0.243,0.325,0.4823,0.614,0.9155,1.2186,0.1045,0.2008,0.2237,0.3608,0.4381,0.5386,0.6793,0.7889,0.8915,1.0236,0.0604,0.0836,0.1594,0.3315,0.3829,0.467,0.6001,0.7236,0.9653,1.2192,0.0794,0.1594,0.2231,0.3967,0.4386,0.4818,0.5523,0.686,0.7117,0.9966,0.0213,0.0562,0.0878,0.1421,0.2237,0.3395,0.5059,0.6021,0.7972,1.0663,0.1509,0.2291,0.3197,0.3683,0.4558,0.5033,0.6822,0.699,0.8763,0.9576,0.0339,0.0856,0.0994,0.2807,0.3655,0.54,0.6807,0.7947,0.9326,1.1564,0.0711,0.1071,0.1162,0.2424,0.279,0.3211,0.4022,0.4527,0.586,0.7879,0.0,0.0,0.0,0.0,0.0,0.0,0.0,0.0,0.0,0.0,0.0
0.0351,0.149,0.2081,0.3769,0.4349,0.5229,0.6432,0.661,0.8529,1.0562,0.0897,0.1899,0.1996,0.3017,0.3539,0.4481,0.6291,0.6494,0.788,0.9881,0.0432,0.0996,0.1353,0.2526,0.2853,0.362,0.5477,0.6261,0.8331,1.0678,0.0611,0.0789,0.1519,0.2076,0.243,0.325,0.4823,0.614,0.9155,1.2186,0.1045,0.2008,0.2237,0.3608,0.4381,0.5386,0.6793,0.7889,0.8915,1.0236,0.0604,0.0836,0.1594,0.3315,0.3829,0.467,0.6001,0.7236,0.9653,1.2192,0.0794,0.1594,0.2231,0.3967,0.4386,0.4818,0.5523,0.686,0.7117,0.9966,0.0213,0.0562,0.0878,0.1421,0.2237,0.3395,0.5059,0.6021,0.7972,1.0663,0.1509,0.2291,0.3197,0.3683,0.4558,0.5033,0.6822,0.699,0.8763,0.9576,0.0339,0.0856,0.0994,0.2807,0.3655,0.54,0.6807,0.7947,0.9326,1.1564,0.0711,0.1071,0.1162,0.2424,0.279,0.3211,0.4022,0.4527,0.586,0.7879,0.0,0.0,0.0,0.0,0.0,0.0,0.0,0.0,0.0,0.0,0.0
0.0351,0.149,0.2081,0.3769,0.4349,0.5229,0.6432,0.661,0.8529,1.0562,0.0897,0.1899,0.1996,0.3017,0.3539,0.4481,0.6291,0.6494,0.788,0.9881,0.0432,0.0996,0.1353,0.2526,0.2853,0.362,0.5477,0.6261,0.8331,1.0678,0.0611,0.0789,0.1519,0.2076,0.243,0.325,0.4823,0.614,0.9155,1.2186,0.1045,0.2008,0.2237,0.3608,0.4381,0.5386,0.6793,0.7889,0.8915,1.0236,0.0604,0.0836,0.1594,0.3315,0.3829,0.467,0.6001,0.7236,0.9653,1.2192,0.0794,0.1594,0.2231,0.3967,0.4386,0.4818,0.5523,0.686,0.7117,0.9966,0.0213,0.0562,0.0878,0.1421,0.2237,0.3395,0.5059,0.6021,0.7972,1.0663,0.1509,0.2291,0.3197,0.3683,0.4558,0.5033,0.6822,0.699,0.8763,0.9576,0.0339,0.0856,0.0994,0.2807,0.3655,0.54,0.6807,0.7947,0.9326,1.1564,0.0711,0.1071,0.1162,0.2424,0.279,0.3211,0.4022,0.4527,0.586,0.7879,0.0,0.0,0.0,0.0,0.0,0.0,0.0,0.0,0.0,0.0,0.0
0.0351,0.149,0.2081,0.3769,0.4349,0.5229,0.6432,0.661,0.8529,1.0562,0.0897,0.1899,0.1996,0.3017,0.3539,0.4481,0.6291,0.6494,0.788,0.9881,0.0432,0.0996,0.1353,0.2526,0.2853,0.362,0.5477,0.6261,0.8331,1.0678,0.0611,0.0789,0.1519,0.2076,0.243,0.325,0.4823,0.614,0.9155,1.2186,0.1045,0.2008,0.2237,0.3608,0.4381,0.5386,0.6793,0.7889,0.8915,1.0236,0.0604,0.0836,0.1594,0.3315,0.3829,0.467,0.6001,0.7236,0.9653,1.2192,0.0794,0.1594,0.2231,0.3967,0.4386,0.4818,0.5523,0.686,0.7117,0.9966,0.0213,0.0562,0.0878,0.1421,0.2237,0.3395,0.5059,0.6021,0.7972,1.0663,0.1509,0.2291,0.3197,0.3683,0.4558,0.5033,0.6822,0.699,0.8763,0.9576,0.0339,0.0856,0.0994,0.2807,0.3655,0.54,0.6807,0.7947,0.9326,1.1564,0.0711,0.1071,0.1162,0.2424,0.279,0.3211,0.4022,0.4527,0.586,0.7879,0.0,0.0,0.0,0.0,0.0,0.0,0.0,0.0,0.0,0.0,0.0
0.0351,0.149,0.2081,0.3769,0.4349,0.5229,0.6432,0.661,0.8529,1.0562,0.0897,0.1899,0.1996,0.3017,0.3539,0.4481,0.6291,0.6494,0.788,0.9881,0.0432,0.0996,0.1353,0.2526,0.2853,0.362,0.5477,0.6261,0.8331,1.0678,0.0611,0.0789,0.1519,0.2076,0.243,0.325,0.4823,0.614,0.9155,1.2186,0.1045,0.2008,0.2237,0.3608,0.4381,0.5386,0.6793,0.7889,0.8915,1.0236,0.0604,0.0836,0.1594,0.3315,0.3829,0.467,0.6001,0.7236,0.9653,1.2192,0.0794,0.1594,0.2231,0.3967,0.4386,0.4818,0.5523,0.686,0.7117,0.9966,0.0213,0.0562,0.0878,0.1421,0.2237,0.3395,0.5059,0.6021,0.7972,1.0663,0.1509,0.2291,0.3197,0.3683,0.4558,0.5033,0.6822,0.699,0.8763,0.9576,0.0339,0.0856,0.0994,0.2807,0.3655,0.54,0.6807,0.7947,0.9326,1.1564,0.0711,0.1071,0.1162,0.2424,0.279,0.3211,0.4022,0.4527,0.586,0.7879,0.0,0.0,0.0,0.0,0.0,0.0,0.0,0.0,0.0,0.0,0.0
0.0351,0.149,0.2081,0.3769,0.4349,0.5229,0.6432,0.661,0.8529,1.0562,0.0897,0.1899,0.1996,0.3017,0.3539,0.4481,0.6291,0.6494,0.788,0.9881,0.0432,0.0996,0.1353,0.2526,0.2853,0.362,0.5477,0.6261,0.8331,1.0678,0.0611,0.0789,0.1519,0.2076,0.243,0.325,0.4823,0.614,0.9155,1.2186,0.1045,0.2008,0.2237,0.3608,0.4381,0.5386,0.6793,0.7889,0.8915,1.0236,0.0604,0.0836,0.1594,0.3315,0.3829,0.467,0.6001,0.7236,0.9653,1.2192,0.0794,0.1594,0.2231,0.3967,0.4386,0.4818,0.5523,0.686,0.7117,0.9966,0.0213,0.0562,0.0878,0.1421,0.2237,0.3395,0.5059,0.6021,0.7972,1.0663,0.1509,0.2291,0.3197,0.3683,0.4558,0.5033,0.6822,0.699,0.8763,0.9576,0.0339,0.0856,0.0994,0.2807,0.3655,0.54,0.6807,0.7947,0.9326,1.1564,0.0711,0.1071,0.1162,0.2424,0.279,0.3211,0.4022,0.4527,0.586,0.7879,0.0,0.0,0.0,0.0,0.0,0.0,0.0,0.0,0.0,0.0,0.0
0.0351,0.149,0.2081,0.3769,0.4349,0.5229,0.6432,0.661,0.8529,1.0562,0.0897,0.1899,0.1996,0.3017,0.3539,0.4481,0.6291,0.6494,0.788,0.9881,0.0432,0.0996,0.1353,0.2526,0.2853,0.362,0.5477,0.6261,0.8331,1.0678,0.0611,0.0789,0.1519,0.2076,0.243,0.325,0.4823,0.614,0.9155,1.2186,0.1045,0.2008,0.2237,0.3608,0.4381,0.5386,0.6793,0.7889,0.8915,1.0236,0.0604,0.0836,0.1594,0.3315,0.3829,0.467,0.6001,0.7236,0.9653,1.2192,0.0794,0.1594,0.2231,0.3967,0.4386,0.4818,0.5523,0.686,0.7117,0.9966,0.0213,0.0562,0.0878,0.1421,0.2237,0.3395,0.5059,0.6021,0.7972,1.0663,0.1509,0.2291,0.3197,0.3683,0.4558,0.5033,0.6822,0.699,0.8763,0.9576,0.0339,0.0856,0.0994,0.2807,0.3655,0.54,0.6807,0.7947,0.9326,1.1564,0.0711,0.1071,0.1162,0.2424,0.279,0.3211,0.4022,0.4527,0.586,0.7879,0.0,0.0,0.0,0.0,0.0,0.0,0.0,0.0,0.0,0.0,0.0
0.0351,0.149,0.2081,0.3769,0.4349,0.5229,0.6432,0.661,0.8529,1.0562,0.0897,0.1899,0.1996,0.3017,0.3539,0.4481,0.6291,0.6494,0.788,0.9881,0.0432,0.0996,0.1353,0.2526,0.2853,0.362,0.5477,0.6261,0.8331,1.0678,0.0611,0.0789,0.1519,0.2076,0.243,0.325,0.4823,0.614,0.9155,1.2186,0.1045,0.2008,0.2237,0.3608,0.4381,0.5386,0.6793,0.7889,0.8915,1.0236,0.0604,0.0836,0.1594,0.3315,0.3829,0.467,0.6001,0.7236,0.9653,1.2192,0.0794,0.1594,0.2231,0.3967,0.4386,0.4818,0.5523,0.686,0.7117,0.9966,0.0213,0.0562,0.0878,0.1421,0.2237,0.3395,0.5059,0.6021,0.7972,1.0663,0.1509,0.2291,0.3197,0.3683,0.4558,0.5033,0.6822,0.699,0.8763,0.9576,0.0339,0.0856,0.0994,0.2807,0.3655,0.54,0.6807,0.7947,0.9326,1.1564,0.0711,0.1071,0.1162,0.2424,0.279,0.3211,0.4022,0.4527,0.586,0.7879,0.0,0.0,0.0,0.0,0.0,0.0,0.0,0.0,0.0,0.0,0.0
0.0351,0.149,0.2081,0.3769,0.4349,0.5229,0.6432,0.661,0.8529,1.0562,0.0897,0.1899,0.1996,0.3017,0.3539,0.4481,0.6291,0.6494,0.788,0.9881,0.0432,0.0996,0.1353,0.2526,0.2853,0.362,0.5477,0.6261,0.8331,1.0678,0.0611,0.0789,0.1519,0.2076,0.243,0.325,0.4823,0.614,0.9155,1.2186,0.1045,0.2008,0.2237,0.3608,0.4381,0.5386,0.6793,0.7889,0.8915,1.0236,0.0604,0.0836,0.1594,0.3315,0.3829,0.467,0.6001,0.7236,0.9653,1.2192,0.0794,0.1594,0.2231,0.3967,0.4386,0.4818,0.5523,0.686,0.7117,0.9966,0.0213,0.0562,0.0878,0.1421,0.2237,0.3395,0.5059,0.6021,0.7972,1.0663,0.1509,0.2291,0.3197,0.3683,0.4558,0.5033,0.6822,0.699,0.8763,0.9576,0.0339,0.0856,0.0994,0.2807,0.3655,0.54,0.6807,0.7947,0.9326,1.1564,0.0711,0.1071,0.1162,0.2424,0.279,0.3211,0.4022,0.4527,0.586,0.7879,0.0,0.0,0.0,0.0,0.0,0.0,0.0,0.0,0.0,0.0,0.0
0.0351,0.149,0.2081,0.3769,0.4349,0.5229,0.6432,0.661,0.8529,1.0562,0.0897,0.1899,0.1996,0.3017,0.3539,0.4481,0.6291,0.6494,0.788,0.9881,0.0432,0.0996,0.1353,0.2526,0.2853,0.362,0.5477,0.6261,0.8331,1.0678,0.0611,0.0789,0.1519,0.2076,0.243,0.325,0.4823,0.614,0.9155,1.2186,0.1045,0.2008,0.2237,0.3608,0.4381,0.5386,0.6793,0.7889,0.8915,1.0236,0.0604,0.0836,0.1594,0.3315,0.3829,0.467,0.6001,0.7236,0.9653,1.2192,0.0794,0.1594,0.2231,0.3967,0.4386,0.4818,0.5523,0.686,0.7117,0.9966,0.0213,0.0562,0.0878,0.1421,0.2237,0.3395,0.5059,0.6021,0.7972,1.0663,0.1509,0.2291,0.3197,0.3683,0.4558,0.5033,0.6822,0.699,0.8763,0.9576,0.0339,0.0856,0.0994,0.2807,0.3655,0.54,0.6807,0.7947,0.9326,1.1564,0.0711,0.1071,0.1162,0.2424,0.279,0.3211,0.4022,0.4527,0.586,0.7879,0.0,0.0,0.0,0.0,0.0,0.0,0.0,0.0,0.0,0.0,0.0
0.0351,0.149,0.2081,0.3769,0.4349,0.5229,0.6432,0.661,0.8529,1.0562,0.0897,0.1899,0.1996,0.3017,0.3539,0.4481,0.6291,0.6494,0.788,0.9881,0.0432,0.0996,0.1353,0.2526,0.2853,0.362,0.5477,0.6261,0.8331,1.0678,0.0611,0.0789,0.1519,0.2076,0.243,0.325,0.4823,0.614,0.9155,1.2186,0.1045,0.2008,0.2237,0.3608,0.4381,0.5386,0.6793,0.7889,0.8915,1.0236,0.0604,0.0836,0.1594,0.3315,0.3829,0.467,0.6001,0.7236,0.9653,1.2192,0.0794,0.1594,0.2231,0.3967,0.4386,0.4818,0.5523,0.686,0.7117,0.9966,0.0213,0.0562,0.0878,0.1421,0.2237,0.3395,0.5059,0.6021,0.7972,1.0663,0.1509,0.2291,0.3197,0.3683,0.4558,0.5033,0.6822,0.699,0.8763,0.9576,0.0339,0.0856,0.0994,0.2807,0.3655,0.54,0.6807,0.7947,0.9326,1.1564,0.0711,0.1071,0.1162,0.2424,0.279,0.3211,0.4022,0.4527,0.586,0.7879,0.0,0.0,0.0,0.0,0.0,0.0,0.0,0.0,0.0,0.0,0.0
0.0351,0.149,0.2081,0.3769,0.4349,0.5229,0.6432,0.661,0.8529,1.0562,0.0897,0.1899,0.1996,0.3017,0.3539,0.4481,0.6291,0.6494,0.788,0.9881,0.0432,0.0996,0.1353,0.2526,0.2853,0.362,0.5477,0.6261,0.8331,1.0678,0.0611,0.0789,0.1519,0.2076,0.243,0.325,0.4823,0.614,0.9155,1.2186,0.1045,0.2008,0.2237,0.3608,0.4381,0.5386,0.6793,0.7889,0.8915,1.0236,0.0604,0.0836,0.1594,0.3315,0.3829,0.467,0.6001,0.7236,0.9653,1.2192,0.0794,0.1594,0.2231,0.3967,0.4386,0.4818,0.5523,0.686,0.7117,0.9966,0.0213,0.0562,0.0878,0.1421,0.2237,0.3395,0.5059,0.6021,0.7972,1.0663,0.1509,0.2291,0.3197,0.3683,0.4558,0.5033,0.6822,0.699,0.8763,0.9576,0.0339,0.0856,0.0994,0.2807,0.3655,0.54,0.6807,0.7947,0.9326,1.1564,0.0711,0.1071,0.1162,0.2424,0.279,0.3211,0.4022,0.4527,0.586,0.7879,0.0,0.0,0.0,0.0,0.0,0.0,0.0,0.0,0.0,0.0,0.0
0.0351,0.149,0.2081,0.3769,0.4349,0.5229,0.6432,0.661,0.8529,1.0562,0.0897,0.1899,0.1996,0.3017,0.3539,0.4481,0.6291,0.6494,0.788,0.9881,0.0432,0.0996,0.1353,0.2526,0.2853,0.362,0.5477,0.6261,0.8331,1.0678,0.0611,0.0789,0.1519,0.2076,0.243,0.325,0.4823,0.614,0.9155,1.2186,0.1045,0.2008,0.2237,0.3608,0.4381,0.5386,0.6793,0.7889,0.8915,1.0236,0.0604,0.0836,0.1594,0.3315,0.3829,0.467,0.6001,0.7236,0.9653,1.2192,0.0794,0.1594,0.2231,0.3967,0.4386,0.4818,0.5523,0.686,0.7117,0.9966,0.0213,0.0562,0.0878,0.1421,0.2237,0.3395,0.5059,0.6021,0.7972,1.0663,0.1509,0.2291,0.3197,0.3683,0.4558,0.5033,0.6822,0.699,0.8763,0.9576,0.0339,0.0856,0.0994,0.2807,0.3655,0.54,0.6807,0.7947,0.9326,1.1564,0.0711,0.1071,0.1162,0.2424,0.279,0.3211,0.4022,0.4527,0.586,0.7879,0.0,0.0,0.0,0.0,0.0,0.0,0.0,0.0,0.0,0.0,0.0
0.0351,0.149,0.2081,0.3769,0.4349,0.5229,0.6432,0.661,0.8529,1.0562,0.0897,0.1899,0.1996,0.3017,0.3539,0.4481,0.6291,0.6494,0.788,0.9881,0.0432,0.0996,0.1353,0.2526,0.2853,0.362,0.5477,0.6261,0.8331,1.0678,0.0611,0.0789,0.1519,0.2076,0.243,0.325,0.4823,0.614,0.9155,1.2186,0.1045,0.2008,0.2237,0.3608,0.4381,0.5386,0.6793,0.7889,0.8915,1.0236,0.0604,0.0836,0.1594,0.3315,0.3829,0.467,0.6001,0.7236,0.9653,1.2192,0.0794,0.1594,0.2231,0.3967,0.4386,0.4818,0.5523,0.686,0.7117,0.9966,0.0213,0.0562,0.0878,0.1421,0.2237,0.3395,0.5059,0.6021,0.7972,1.0663,0.1509,0.2291,0.3197,0.3683,0.4558,0.5033,0.6822,0.699,0.8763,0.9576,0.0339,0.0856,0.0994,0.2807,0.3655,0.54,0.6807,0.7947,0.9326,1.1564,0.0711,0.1071,0.1162,0.2424,0.279,0.3211,0.4022,0.4527,0.586,0.7879,0.0,0.0,0.0,0.0,0.0,0.0,0.0,0.0,0.0,0.0,0.0
0.0351,0.149,0.2081,0.3769,0.4349,0.5229,0.6432,0.661,0.8529,1.0562,0.0897,0.1899,0.1996,0.3017,0.3539,0.4481,0.6291,0.6494,0.788,0.9881,0.0432,0.0996,0.1353,0.2526,0.2853,0.362,0.5477,0.6261,0.8331,1.0678,0.0611,0.0789,0.1519,0.2076,0.243,0.325,0.4823,0.614,0.9155,1.2186,0.1045,0.2008,0.2237,0.3608,0.4381,0.5386,0.6793,0.7889,0.8915,1.0236,0.0604,0.0836,0.1594,0.3315,0.3829,0.467,0.6001,0.7236,0.9653,1.2192,0.0794,0.1594,0.2231,0.3967,0.4386,0.4818,0.5523,0.686,0.7117,0.9966,0.0213,0.0562,0.0878,0.1421,0.2237,0.3395,0.5059,0.6021,0.7972,1.0663,0.1509,0.2291,0.3197,0.3683,0.4558,0.5033,0.6822,0.699,0.8763,0.9576,0.0339,0.0856,0.0994,0.2807,0.3655,0.54,0.6807,0.7947,0.9326,1.1564,0.0711,0.1071,0.1162,0.2424,0.279,0.3211,0.4022,0.4527,0.586,0.7879,0.0,0.0,0.0,0.0,0.0,0.0,0.0,0.0,0.0,0.0,0.0
0.0351,0.149,0.2081,0.3769,0.4349,0.5229,0.6432,0.661,0.8529,1.0562,0.0897,0.1899,0.1996,0.3017,0.3539,0.4481,0.6291,0.6494,0.788,0.9881,0.0432,0.0996,0.1353,0.2526,0.2853,0.362,0.5477,0.6261,0.8331,1.0678,0.0611,0.0789,0.1519,0.2076,0.243,0.325,0.4823,0.614,0.9155,1.2186,0.1045,0.2008,0.2237,0.3608,0.4381,0.5386,0.6793,0.7889,0.8915,1.0236,0.0604,0.0836,0.1594,0.3315,0.3829,0.467,0.6001,0.7236,0.9653,1.2192,0.0794,0.1594,0.2231,0.3967,0.4386,0.4818,0.5523,0.686,0.7117,0.9966,0.0213,0.0562,0.0878,0.1421,0.2237,0.3395,0.5059,0.6021,0.7972,1.0663,0.1509,0.2291,0.3197,0.3683,0.4558,0.5033,0.6822,0.699,0.8763,0.9576,0.0339,0.0856,0.0994,0.2807,0.3655,0.54,0.6807,0.7947,0.9326,1.1564,0.0711,0.1071,0.1162,0.2424,0.279,0.3211,0.4022,0.4527,0.586,0.7879,0.0,0.0,0.0,0.0,0.0,0.0,0.0,0.0,0.0,0.0,0.0
0.0351,0.149,0.2081,0.3769,0.4349,0.5229,0.6432,0.661,0.8529,1.0562,0.0897,0.1899,0.1996,0.3017,0.3539,0.4481,0.6291,0.6494,0.788,0.9881,0.0432,0.0996,0.1353,0.2526,0.2853,0.362,0.5477,0.6261,0.8331,1.0678,0.0611,0.0789,0.1519,0.2076,0.243,0.325,0.4823,0.614,0.9155,1.2186,0.1045,0.2008,0.2237,0.3608,0.4381,0.5386,0.6793,0.7889,0.8915,1.0236,0.0604,0.0836,0.1594,0.3315,0.3829,0.467,0.6001,0.7236,0.9653,1.2192,0.0794,0.1594,0.2231,0.3967,0.4386,0.4818,0.5523,0.686,0.7117,0.9966,0.0213,0.0562,0.0878,0.1421,0.2237,0.3395,0.5059,0.6021,0.7972,1.0663,0.1509,0.2291,0.3197,0.3683,0.4558,0.5033,0.6822,0.699,0.8763,0.9576,0.0339,0.0856,0.0994,0.2807,0.3655,0.54,0.6807,0.7947,0.9326,1.1564,0.0711,0.1071,0.1162,0.2424,0.279,0.3211,0.4022,0.4527,0.586,0.7879,0.0,0.0,0.0,0.0,0.0,0.0,0.0,0.0,0.0,0.0,0.0
0.0351,0.149,0.2081,0.3769,0.4349,0.5229,0.6432,0.661,0.8529,1.0562,0.0897,0.1899,0.1996,0.3017,0.3539,0.4481,0.6291,0.6494,0.788,0.9881,0.0432,0.0996,0.1353,0.2526,0.2853,0.362,0.5477,0.6261,0.8331,1.0678,0.0611,0.0789,0.1519,0.2076,0.243,0.325,0.4823,0.614,0.9155,1.2186,0.1045,0.2008,0.2237,0.3608,0.4381,0.5386,0.6793,0.7889,0.8915,1.0236,0.0604,0.0836,0.1594,0.3315,0.3829,0.467,0.6001,0.7236,0.9653,1.2192,0.0794,0.1594,0.2231,0.3967,0.4386,0.4818,0.5523,0.686,0.7117,0.9966,0.0213,0.0562,0.0878,0.1421,0.2237,0.3395,0.5059,0.6021,0.7972,1.0663,0.1509,0.2291,0.3197,0.3683,0.4558,0.5033,0.6822,0.699,0.8763,0.9576,0.0339,0.0856,0.0994,0.2807,0.3655,0.54,0.6807,0.7947,0.9326,1.1564,0.0711,0.1071,0.1162,0.2424,0.279,0.3211,0.4022,0.4527,0.586,0.7879,0.0,0.0,0.0,0.0,0.0,0.0,0.0,0.0,0.0,0.0,0.0
0.0351,0.149,0.2081,0.3769,0.4349,0.5229,0.6432,0.661,0.8529,1.0562,0.0897,0.1899,0.1996,0.3017,0.3539,0.4481,0.6291,0.6494,0.788,0.9881,0.0432,0.0996,0.1353,0.2526,0.2853,0.362,0.5477,0.6261,0.8331,1.0678,0.0611,0.0789,0.1519,0.2076,0.243,0.325,0.4823,0.614,0.9155,1.2186,0.1045,0.2008,0.2237,0.3608,0.4381,0.5386,0.6793,0.7889,0.8915,1.0236,0.0604,0.0836,0.1594,0.3315,0.3829,0.467,0.6001,0.7236,0.9653,1.2192,0.0794,0.1594,0.2231,0.3967,0.4386,0.4818,0.5523,0.686,0.7117,0.9966,0.0213,0.0562,0.0878,0.1421,0.2237,0.3395,0.5059,0.6021,0.7972,1.0663,0.1509,0.2291,0.3197,0.3683,0.4558,0.5033,0.6822,0.699,0.8763,0.9576,0.0339,0.0856,0.0994,0.2807,0.3655,0.54,0.6807,0.7947,0.9326,1.1564,0.0711,0.1071,0.1162,0.2424,0.279,0.3211,0.4022,0.4527,0.586,0.7879,0.0,0.0,0.0,0.0,0.0,0.0,0.0,0.0,0.0,0.0,0.0
0.0351,0.149,0.2081,0.3769,0.4349,0.5229,0.6432,0.661,0.8529,1.0562,0.0897,0.1899,0.1996,0.3017,0.3539,0.4481,0.6291,0.6494,0.788,0.9881,0.0432,0.0996,0.1353,0.2526,0.2853,0.362,0.5477,0.6261,0.8331,1.0678,0.0611,0.0789,0.1519,0.2076,0.243,0.325,0.4823,0.614,0.9155,1.2186,0.1045,0.2008,0.2237,0.3608,0.4381,0.5386,0.6793,0.7889,0.8915,1.0236,0.0604,0.0836,0.1594,0.3315,0.3829,0.467,0.6001,0.7236,0.9653,1.2192,0.0794,0.1594,0.2231,0.3967,0.4386,0.4818,0.5523,0.686,0.7117,0.9966,0.0213,0.0562,0.0878,0.1421,0.2237,0.3395,0.5059,0.6021,0.7972,1.0663,0.1509,0.2291,0.3197,0.3683,0.4558,0.5033,0.6822,0.699,0.8763,0.9576,0.0339,0.0856,0.0994,0.2807,0.3655,0.54,0.6807,0.7947,0.9326,1.1564,0.0711,0.1071,0.1162,0.2424,0.279,0.3211,0.4022,0.4527,0.586,0.7879,0.0,0.0,0.0,0.0,0.0,0.0,0.0,0.0,0.0,0.0,0.0
0.0351,0.149,0.2081,0.3769,0.4349,0.5229,0.6432,0.661,0.8529,1.0562,0.0897,0.1899,0.1996,0.3017,0.3539,0.4481,0.6291,0.6494,0.788,0.9881,0.0432,0.0996,0.1353,0.2526,0.2853,0.362,0.5477,0.6261,0.8331,1.0678,0.0611,0.0789,0.1519,0.2076,0.243,0.325,0.4823,0.614,0.9155,1.2186,0.1045,0.2008,0.2237,0.3608,0.4381,0.5386,0.6793,0.7889,0.8915,1.0236,0.0604,0.0836,0.1594,0.3315,0.3829,0.467,0.6001,0.7236,0.9653,1.2192,0.0794,0.1594,0.2231,0.3967,0.4386,0.4818,0.5523,0.686,0.7117,0.9966,0.0213,0.0562,0.0878,0.1421,0.2237,0.3395,0.5059,0.6021,0.7972,1.0663,0.1509,0.2291,0.3197,0.3683,0.4558,0.5033,0.6822,0.699,0.8763,0.9576,0.0339,0.0856,0.0994,0.2807,0.3655,0.54,0.6807,0.7947,0.9326,1.1564,0.0711,0.1071,0.1162,0.2424,0.279,0.3211,0.4022,0.4527,0.586,0.7879,0.0,0.0,0.0,0.0,0.0,0.0,0.0,0.0,0.0,0.0,0.0
0.0351,0.149,0.2081,0.3769,0.4349,0.5229,0.6432,0.661,0.8529,1.0562,0.0897,0.1899,0.1996,0.3017,0.3539,0.4481,0.6291,0.6494,0.788,0.9881,0.0432,0.0996,0.1353,0.2526,0.2853,0.362,0.5477,0.6261,0.8331,1.0678,0.0611,0.0789,0.1519,0.2076,0.243,0.325,0.4823,0.614,0.9155,1.2186,0.1045,0.2008,0.2237,0.3608,0.4381,0.5386,0.6793,0.7889,0.8915,1.0236,0.0604,0.0836,0.1594,0.3315,0.3829,0.467,0.6001,0.7236,0.9653,1.2192,0.0794,0.1594,0.2231,0.3967,0.4386,0.4818,0.5523,0.686,0.7117,0.9966,0.0213,0.0562,0.0878,0.1421,0.2237,0.3395,0.5059,0.6021,0.7972,1.0663,0.1509,0.2291,0.3197,0.3683,0.4558,0.5033,0.6822,0.699,0.8763,0.9576,0.0339,0.0856,0.0994,0.2807,0.3655,0.54,0.6807,0.7947,0.9326,1.1564,0.0711,0.1071,0.1162,0.2424,0.279,0.3211,0.4022,0.4527,0.586,0.7879,0.0,0.0,0.0,0.0,0.0,0.0,0.0,0.0,0.0,0.0,0.0
0.0351,0.149,0.2081,0.3769,0.4349,0.5229,0.6432,0.661,0.8529,1.0562,0.0897,0.1899,0.1996,0.3017,0.3539,0.4481,0.6291,0.6494,0.788,0.9881,0.0432,0.0996,0.1353,0.2526,0.2853,0.362,0.5477,0.6261,0.8331,1.0678,0.0611,0.0789,0.1519,0.2076,0.243,0.325,0.4823,0.614,0.9155,1.2186,0.1045,0.2008,0.2237,0.3608,0.4381,0.5386,0.6793,0.7889,0.8915,1.0236,0.0604,0.0836,0.1594,0.3315,0.3829,0.467,0.6001,0.7236,0.9653,1.2192,0.0794,0.1594,0.2231,0.3967,0.4386,0.4818,0.5523,0.686,0.7117,0.9966,0.0213,0.0562,0.0878,0.1421,0.2237,0.3395,0.5059,0.6021,0.7972,1.0663,0.1509,0.2291,0.3197,0.3683,0.4558,0.5033,0.6822,0.699,0.8763,0.9576,0.0339,0.0856,0.0994,0.2807,0.3655,0.54,0.6807,0.7947,0.9326,1.1564,0.0711,0.1071,0.1162,0.2424,0.279,0.3211,0.4022,0.4527,0.586,0.7879,0.0,0.0,0.0,0.0,0.0,0.0,0.0,0.0,0.0,0.0,0.0
0.0351,0.149,0.2081,0.3769,0.4349,0.5229,0.6432,0.661,0.8529,1.0562,0.0897,0.1899,0.1996,0.3017,0.3539,0.4481,0.6291,0.6494,0.788,0.9881,0.0432,0.0996,0.1353,0.2526,0.2853,0.362,0.5477,0.6261,0.8331,1.0678,0.0611,0.0789,0.1519,0.2076,0.243,0.325,0.4823,0.614,0.9155,1.2186,0.1045,0.2008,0.2237,0.3608,0.4381,0.5386,0.6793,0.7889,0.8915,1.0236,0.0604,0.0836,0.1594,0.3315,0.3829,0.467,0.6001,0.7236,0.9653,1.2192,0.0794,0.1594,0.2231,0.3967,0.4386,0.4818,0.5523,0.686,0.7117,0.9966,0.0213,0.0562,0.0878,0.1421,0.2237,0.3395,0.5059,0.6021,0.7972,1.0663,0.1509,0.2291,0.3197,0.3683,0.4558,0.5033,0.6822,0.699,0.8763,0.9576,0.0339,0.0856,0.0994,0.2807,0.3655,0.54,0.6807,0.7947,0.9326,1.1564,0.0711,0.1071,0.1162,0.2424,0.279,0.3211,0.4022,0.4527,0.586,0.7879,0.0,0.0,0.0,0.0,0.0,0.0,0.0,0.0,0.0,0.0,0.0
0.0351,0.149,0.2081,0.3769,0.4349,0.5229,0.6432,0.661,0.8529,1.0562,0.0897,0.1899,0.1996,0.3017,0.3539,0.4481,0.6291,0.6494,0.788,0.9881,0.0432,0.0996,0.1353,0.2526,0.2853,0.362,0.5477,0.6261,0.8331,1.0678,0.0611,0.0789,0.1519,0.2076,0.243,0.325,0.4823,0.614,0.9155,1.2186,0.1045,0.2008,0.2237,0.3608,0.4381,0.5386,0.6793,0.7889,0.8915,1.0236,0.0604,0.0836,0.1594,0.3315,0.3829,0.467,0.6001,0.7236,0.9653,1.2192,0.0794,0.1594,0.2231,0.3967,0.4386,0.4818,0.5523,0.686,0.7117,0.9966,0.0213,0.0562,0.0878,0.1421,0.2237,0.3395,0.5059,0.6021,0.7972,1.0663,0.1509,0.2291,0.3197,0.3683,0.4558,0.5033,0.6822,0.699,0.8763,0.9576,0.0339,0.0856,0.0994,0.2807,0.3655,0.54,0.6807,0.7947,0.9326,1.1564,0.0711,0.1071,0.1162,0.2424,0.279,0.3211,0.4022,0.4527,0.586,0.7879,0.0,0.0,0.0,0.0,0.0,0.0,0.0,0.0,0.0,0.0,0.0
0.0351,0.149,0.2081,0.3769,0.4349,0.5229,0.6432,0.661,0.8529,1.0562,0.0897,0.1899,0.1996,0.3017,0.3539,0.4481,0.6291,0.6494,0.788,0.9881,0.0432,0.0996,0.1353,0.2526,0.2853,0.362,0.5477,0.6261,0.8331,1.0678,0.0611,0.0789,0.1519,0.2076,0.243,0.325,0.4823,0.614,0.9155,1.2186,0.1045,0.2008,0.2237,0.3608,0.4381,0.5386,0.6793,0.7889,0.8915,1.0236,0.0604,0.0836,0.1594,0.3315,0.3829,0.467,0.6001,0.7236,0.9653,1.2192,0.0794,0.1594,0.2231,0.3967,0.4386,0.4818,0.5523,0.686,0.7117,0.9966,0.0213,0.0562,0.0878,0.1421,0.2237,0.3395,0.5059,0.6021,0.7972,1.0663,0.1509,0.2291,0.3197,0.3683,0.4558,0.5033,0.6822,0.699,0.8763,0.9576,0.0339,0.0856,0.0994,0.2807,0.3655,0.54,0.6807,0.7947,0.9326,1.1564,0.0711,0.1071,0.1162,0.2424,0.279,0.3211,0.4022,0.4527,0.586,0.7879,0.0,0.0,0.0,0.0,0.0,0.0,0.0,0.0,0.0,0.0,0.0
0.0351,0.149,0.2081,0.3769,0.4349,0.5229,0.6432,0.661,0.8529,1.0562,0.0897,0.1899,0.1996,0.3017,0.3539,0.4481,0.6291,0.6494,0.788,0.9881,0.0432,0.0996,0.1353,0.2526,0.2853,0.362,0.5477,0.6261,0.8331,1.0678,0.0611,0.0789,0.1519,0.2076,0.243,0.325,0.4823,0.614,0.9155,1.2186,0.1045,0.2008,0.2237,0.3608,0.4381,0.5386,0.6793,0.7889,0.8915,1.0236,0.0604,0.0836,0.1594,0.3315,0.3829,0.467,0.6001,0.7236,0.9653,1.2192,0.0794,0.1594,0.2231,0.3967,0.4386,0.4818,0.5523,0.686,0.7117,0.9966,0.0213,0.0562,0.0878,0.1421,0.2237,0.3395,0.5059,0.6021,0.7972,1.0663,0.1509,0.2291,0.3197,0.3683,0.4558,0.5033,0.6822,0.699,0.8763,0.9576,0.0339,0.0856,0.0994,0.2807,0.3655,0.54,0.6807,0.7947,0.9326,1.1564,0.0711,0.1071,0.1162,0.2424,0.279,0.3211,0.4022,0.4527,0.586,0.7879,0.0,0.0,0.0,0.0,0.0,0.0,0.0,0.0,0.0,0.0,0.0
0.0351,0.149,0.2081,0.3769,0.4349,0.5229,0.6432,0.661,0.8529,1.0562,0.0897,0.1899,0.1996,0.3017,0.3539,0.4481,0.6291,0.6494,0.788,0.9881,0.0432,0.0996,0.1353,0.2526,0.2853,0.362,0.5477,0.6261,0.8331,1.0678,0.0611,0.0789,0.1519,0.2076,0.243,0.325,0.4823,0.614,0.9155,1.2186,0.1045,0.2008,0.2237,0.3608,0.4381,0.5386,0.6793,0.7889,0.8915,1.0236,0.0604,0.0836,0.1594,0.3315,0.3829,0.467,0.6001,0.7236,0.9653,1.2192,0.0794,0.1594,0.2231,0.3967,0.4386,0.4818,0.5523,0.686,0.7117,0.9966,0.0213,0.0562,0.0878,0.1421,0.2237,0.3395,0.5059,0.6021,0.7972,1.0663,0.1509,0.2291,0.3197,0.3683,0.4558,0.5033,0.6822,0.699,0.8763,0.9576,0.0339,0.0856,0.0994,0.2807,0.3655,0.54,0.6807,0.7947,0.9326,1.1564,0.0711,0.1071,0.1162,0.2424,0.279,0.3211,0.4022,0.4527,0.586,0.7879,0.0,0.0,0.0,0.0,0.0,0.0,0.0,0.0,0.0,0.0,0.0
0.0351,0.149,0.2081,0.3769,0.4349,0.5229,0.6432,0.661,0.8529,1.0562,0.0897,0.1899,0.1996,0.3017,0.3539,0.4481,0.6291,0.6494,0.788,0.9881,0.0432,0.0996,0.1353,0.2526,0.2853,0.362,0.5477,0.6261,0.8331,1.0678,0.0611,0.0789,0.1519,0.2076,0.243,0.325,0.4823,0.614,0.9155,1.2186,0.1045,0.2008,0.2237,0.3608,0.4381,0.5386,0.6793,0.7889,0.8915,1.0236,0.0604,0.0836,0.1594,0.3315,0.3829,0.467,0.6001,0.7236,0.9653,1.2192,0.0794,0.1594,0.2231,0.3967,0.4386,0.4818,0.5523,0.686,0.7117,0.9966,0.0213,0.0562,0.0878,0.1421,0.2237,0.3395,0.5059,0.6021,0.7972,1.0663,0.1509,0.2291,0.3197,0.3683,0.4558,0.5033,0.6822,0.699,0.8763,0.9576,0.0339,0.0856,0.0994,0.2807,0.3655,0.54,0.6807,0.7947,0.9326,1.1564,0.0711,0.1071,0.1162,0.2424,0.279,0.3211,0.4022,0.4527,0.586,0.7879,0.0,0.0,0.0,0.0,0.0,0.0,0.0,0.0,0.0,0.0,0.0
0.0351,0.149,0.2081,0.3769,0.4349,0.5229,0.6432,0.661,0.8529,1.0562,0.0897,0.1899,0.1996,0.3017,0.3539,0.4481,0.6291,0.6494,0.788,0.9881,0.0432,0.0996,0.1353,0.2526,0.2853,0.362,0.5477,0.6261,0.8331,1.0678,0.0611,0.0789,0.1519,0.2076,0.243,0.325,0.4823,0.614,0.9155,1.2186,0.1045,0.2008,0.2237,0.3608,0.4381,0.5386,0.6793,0.7889,0.8915,1.0236,0.0604,0.0836,0.1594,0.3315,0.3829,0.467,0.6001,0.7236,0.9653,1.2192,0.0794,0.1594,0.2231,0.3967,0.4386,0.4818,0.5523,0.686,0.7117,0.9966,0.0213,0.0562,0.0878,0.1421,0.2237,0.3395,0.5059,0.6021,0.7972,1.0663,0.1509,0.2291,0.3197,0.3683,0.4558,0.5033,0.6822,0.699,0.8763,0.9576,0.0339,0.0856,0.0994,0.2807,0.3655,0.54,0.6807,0.7947,0.9326,1.1564,0.0711,0.1071,0.1162,0.2424,0.279,0.3211,0.4022,0.4527,0.586,0.7879,0.0,0.0,0.0,0.0,0.0,0.0,0.0,0.0,0.0,0.0,0.0
0.0351,0.149,0.2081,0.3769,0.4349,0.5229,0.6432,0.661,0.8529,1.0562,0.0897,0.1899,0.1996,0.3017,0.3539,0.4481,0.6291,0.6494,0.788,0.9881,0.0432,0.0996,0.1353,0.2526,0.2853,0.362,0.5477,0.6261,0.8331,1.0678,0.0611,0.0789,0.1519,0.2076,0.243,0.325,0.4823,0.614,0.9155,1.2186,0.1045,0.2008,0.2237,0.3608,0.4381,0.5386,0.6793,0.7889,0.8915,1.0236,0.0604,0.0836,0.1594,0.3315,0.3829,0.467,0.6001,0.7236,0.9653,1.2192,0.0794,0.1594,0.2231,0.3967,0.4386,0.4818,0.5523,0.686,0.7117,0.9966,0.0213,0.0562,0.0878,0.1421,0.2237,0.3395,0.5059,0.6021,0.7972,1.0663,0.1509,0.2291,0.3197,0.3683,0.4558,0.5033,0.6822,0.699,0.8763,0.9576,0.0339,0.0856,0.0994,0.2807,0.3655,0.54,0.6807,0.7947,0.9326,1.1564,0.0711,0.1071,0.1162,0.2424,0.279,0.3211,0.4022,0.4527,0.586,0.7879,0.0,0.0,0.0,0.0,0.0,0.0,0.0,0.0,0.0,0.0,0.0
0.0351,0.149,0.2081,0.3769,0.4349,0.5229,0.6432,0.661,0.8529,1.0562,0.0897,0.1899,0.1996,0.3017,0.3539,0.4481,0.6291,0.6494,0.788,0.9881,0.0432,0.0996,0.1353,0.2526,0.2853,0.362,0.5477,0.6261,0.8331,1.0678,0.0611,0.0789,0.1519,0.2076,0.243,0.325,0.4823,0.614,0.9155,1.2186,0.1045,0.2008,0.2237,0.3608,0.4381,0.5386,0.6793,0.7889,0.8915,1.0236,0.0604,0.0836,0.1594,0.3315,0.3829,0.467,0.6001,0.7236,0.9653,1.2192,0.0794,0.1594,0.2231,0.3967,0.4386,0.4818,0.5523,0.686,0.7117,0.9966,0.0213,0.0562,0.0878,0.1421,0.2237,0.3395,0.5059,0.6021,0.7972,1.0663,0.1509,0.2291,0.3197,0.3683,0.4558,0.5033,0.6822,0.699,0.8763,0.9576,0.0339,0.0856,0.0994,0.2807,0.3655,0.54,0.6807,0.7947,0.9326,1.1564,0.0711,0.1071,0.1162,0.2424,0.279,0.3211,0.4022,0.4527,0.586,0.7879,0.0,0.0,0.0,0.0,0.0,0.0,0.0,0.0,0.0,0.0,0.0
0.0351,0.149,0.2081,0.3769,0.4349,0.5229,0.6432,0.661,0.8529,1.0562,0.0897,0.1899,0.1996,0.3017,0.3539,0.4481,0.6291,0.6494,0.788,0.9881,0.0432,0.0996,0.1353,0.2526,0.2853,0.362,0.5477,0.6261,0.8331,1.0678,0.0611,0.0789,0.1519,0.2076,0.243,0.325,0.4823,0.614,0.9155,1.2186,0.1045,0.2008,0.2237,0.3608,0.4381,0.5386,0.6793,0.7889,0.8915,1.0236,0.0604,0.0836,0.1594,0.3315,0.3829,0.467,0.6001,0.7236,0.9653,1.2192,0.0794,0.1594,0.2231,0.3967,0.4386,0.4818,0.5523,0.686,0.7117,0.9966,0.0213,0.0562,0.0878,0.1421,0.2237,0.3395,0.5059,0.6021,0.7972,1.0663,0.1509,0.2291,0.3197,0.3683,0.4558,0.5033,0.6822,0.699,0.8763,0.9576,0.0339,0.0856,0.0994,0.2807,0.3655,0.54,0.6807,0.7947,0.9326,1.1564,0.0711,0.1071,0.1162,0.2424,0.279,0.3211,0.4022,0.4527,0.586,0.7879,0.0,0.0,0.0,0.0,0.0,0.0,0.0,0.0,0.0,0.0,0.0
0.0351,0.149,0.2081,0.3769,0.4349,0.5229,0.6432,0.661,0.8529,1.0562,0.0897,0.1899,0.1996,0.3017,0.3539,0.4481,0.6291,0.6494,0.788,0.9881,0.0432,0.0996,0.1353,0.2526,0.2853,0.362,0.5477,0.6261,0.8331,1.0678,0.0611,0.0789,0.1519,0.2076,0.243,0.325,0.4823,0.614,0.9155,1.2186,0.1045,0.2008,0.2237,0.3608,0.4381,0.5386,0.6793,0.7889,0.8915,1.0236,0.0604,0.0836,0.1594,0.3315,0.3829,0.467,0.6001,0.7236,0.9653,1.2192,0.0794,0.1594,0.2231,0.3967,0.4386,0.4818,0.5523,0.686,0.7117,0.9966,0.0213,0.0562,0.0878,0.1421,0.2237,0.3395,0.5059,0.6021,0.7972,1.0663,0.1509,0.2291,0.3197,0.3683,0.4558,0.5033,0.6822,0.699,0.8763,0.9576,0.0339,0.0856,0.0994,0.2807,0.3655,0.54,0.6807,0.7947,0.9326,1.1564,0.0711,0.1071,0.1162,0.2424,0.279,0.3211,0.4022,0.4527,0.586,0.7879,0.0,0.0,0.0,0.0,0.0,0.0,0.0,0.0,0.0,0.0,0.0
0.0351,0.149,0.2081,0.3769,0.4349,0.5229,0.6432,0.661,0.8529,1.0562,0.0897,0.1899,0.1996,0.3017,0.3539,0.4481,0.6291,0.6494,0.788,0.9881,0.0432,0.0996,0.1353,0.2526,0.2853,0.362,0.5477,0.6261,0.8331,1.0678,0.0611,0.0789,0.1519,0.2076,0.243,0.325,0.4823,0.614,0.9155,1.2186,0.1045,0.2008,0.2237,0.3608,0.4381,0.5386,0.6793,0.7889,0.8915,1.0236,0.0604,0.0836,0.1594,0.3315,0.3829,0.467,0.6001,0.7236,0.9653,1.2192,0.0794,0.1594,0.2231,0.3967,0.4386,0.4818,0.5523,0.686,0.7117,0.9966,0.0213,0.0562,0.0878,0.1421,0.2237,0.3395,0.5059,0.6021,0.7972,1.0663,0.1509,0.2291,0.3197,0.3683,0.4558,0.5033,0.6822,0.699,0.8763,0.9576,0.0339,0.0856,0.0994,0.2807,0.3655,0.54,0.6807,0.7947,0.9326,1.1564,0.0711,0.1071,0.1162,0.2424,0.279,0.3211,0.4022,0.4527,0.586,0.7879,0.0,0.0,0.0,0.0,0.0,0.0,0.0,0.0,0.0,0.0,0.0
0.0351,0.149,0.2081,0.3769,0.4349,0.5229,0.6432,0.661,0.8529,1.0562,0.0897,0.1899,0.1996,0.3017,0.3539,0.4481,0.6291,0.6494,0.788,0.9881,0.0432,0.0996,0.1353,0.2526,0.2853,0.362,0.5477,0.6261,0.8331,1.0678,0.0611,0.0789,0.1519,0.2076,0.243,0.325,0.4823,0.614,0.9155,1.2186,0.1045,0.2008,0.2237,0.3608,0.4381,0.5386,0.6793,0.7889,0.8915,1.0236,0.0604,0.0836,0.1594,0.3315,0.3829,0.467,0.6001,0.7236,0.9653,1.2192,0.0794,0.1594,0.2231,0.3967,0.4386,0.4818,0.5523,0.686,0.7117,0.9966,0.0213,0.0562,0.0878,0.1421,0.2237,0.3395,0.5059,0.6021,0.7972,1.0663,0.1509,0.2291,0.3197,0.3683,0.4558,0.5033,0.6822,0.699,0.8763,0.9576,0.0339,0.0856,0.0994,0.2807,0.3655,0.54,0.6807,0.7947,0.9326,1.1564,0.0711,0.1071,0.1162,0.2424,0.279,0.3211,0.4022,0.4527,0.586,0.7879,0.0,0.0,0.0,0.0,0.0,0.0,0.0,0.0,0.0,0.0,0.0
0.0351,0.149,0.2081,0.3769,0.4349,0.5229,0.6432,0.661,0.8529,1.0562,0.0897,0.1899,0.1996,0.3017,0.3539,0.4481,0.6291,0.6494,0.788,0.9881,0.0432,0.0996,0.1353,0.2526,0.2853,0.362,0.5477,0.6261,0.8331,1.0678,0.0611,0.0789,0.1519,0.2076,0.243,0.325,0.4823,0.614,0.9155,1.2186,0.1045,0.2008,0.2237,0.3608,0.4381,0.5386,0.6793,0.7889,0.8915,1.0236,0.0604,0.0836,0.1594,0.3315,0.3829,0.467,0.6001,0.7236,0.9653,1.2192,0.0794,0.1594,0.2231,0.3967,0.4386,0.4818,0.5523,0.686,0.7117,0.9966,0.0213,0.0562,0.0878,0.1421,0.2237,0.3395,0.5059,0.6021,0.7972,1.0663,0.1509,0.2291,0.3197,0.3683,0.4558,0.5033,0.6822,0.699,0.8763,0.9576,0.0339,0.0856,0.0994,0.2807,0.3655,0.54,0.6807,0.7947,0.9326,1.1564,0.0711,0.1071,0.1162,0.2424,0.279,0.3211,0.4022,0.4527,0.586,0.7879,0.0,0.0,0.0,0.0,0.0,0.0,0.0,0.0,0.0,0.0,0.0
0.0351,0.149,0.2081,0.3769,0.4349,0.5229,0.6432,0.661,0.8529,1.0562,0.0897,0.1899,0.1996,0.3017,0.3539,0.4481,0.6291,0.6494,0.788,0.9881,0.0432,0.0996,0.1353,0.2526,0.2853,0.362,0.5477,0.6261,0.8331,1.0678,0.0611,0.0789,0.1519,0.2076,0.243,0.325,0.4823,0.614,0.9155,1.2186,0.1045,0.2008,0.2237,0.3608,0.4381,0.5386,0.6793,0.7889,0.8915,1.0236,0.0604,0.0836,0.1594,0.3315,0.3829,0.467,0.6001,0.7236,0.9653,1.2192,0.0794,0.1594,0.2231,0.3967,0.4386,0.4818,0.5523,0.686,0.7117,0.9966,0.0213,0.0562,0.0878,0.1421,0.2237,0.3395,0.5059,0.6021,0.7972,1.0663,0.1509,0.2291,0.3197,0.3683,0.4558,0.5033,0.6822,0.699,0.8763,0.9576,0.0339,0.0856,0.0994,0.2807,0.3655,0.54,0.6807,0.7947,0.9326,1.1564,0.0711,0.1071,0.1162,0.2424,0.279,0.3211,0.4022,0.4527,0.586,0.7879,0.0,0.0,0.0,0.0,0.0,0.0,0.0,0.0,0.0,0.0,0.0
0.0351,0.149,0.2081,0.3769,0.4349,0.5229,0.6432,0.661,0.8529,1.0562,0.0897,0.1899,0.1996,0.3017,0.3539,0.4481,0.6291,0.6494,0.788,0.9881,0.0432,0.0996,0.1353,0.2526,0.2853,0.362,0.5477,0.6261,0.8331,1.0678,0.0611,0.0789,0.1519,0.2076,0.243,0.325,0.4823,0.614,0.9155,1.2186,0.1045,0.2008,0.2237,0.3608,0.4381,0.5386,0.6793,0.7889,0.8915,1.0236,0.0604,0.0836,0.1594,0.3315,0.3829,0.467,0.6001,0.7236,0.9653,1.2192,0.0794,0.1594,0.2231,0.3967,0.4386,0.4818,0.5523,0.686,0.7117,0.9966,0.0213,0.0562,0.0878,0.1421,0.2237,0.3395,0.5059,0.6021,0.7972,1.0663,0.1509,0.2291,0.3197,0.3683,0.4558,0.5033,0.6822,0.699,0.8763,0.9576,0.0339,0.0856,0.0994,0.2807,0.3655,0.54,0.6807,0.7947,0.9326,1.1564,0.0711,0.1071,0.1162,0.2424,0.279,0.3211,0.4022,0.4527,0.586,0.7879,0.0,0.0,0.0,0.0,0.0,0.0,0.0,0.0,0.0,0.0,0.0
0.0351,0.149,0.2081,0.3769,0.4349,0.5229,0.6432,0.661,0.8529,1.0562,0.0897,0.1899,0.1996,0.3017,0.3539,0.4481,0.6291,0.6494,0.788,0.9881,0.0432,0.0996,0.1353,0.2526,0.2853,0.362,0.5477,0.6261,0.8331,1.0678,0.0611,0.0789,0.1519,0.2076,0.243,0.325,0.4823,0.614,0.9155,1.2186,0.1045,0.2008,0.2237,0.3608,0.4381,0.5386,0.6793,0.7889,0.8915,1.0236,0.0604,0.0836,0.1594,0.3315,0.3829,0.467,0.6001,0.7236,0.9653,1.2192,0.0794,0.1594,0.2231,0.3967,0.4386,0.4818,0.5523,0.686,0.7117,0.9966,0.0213,0.0562,0.0878,0.1421,0.2237,0.3395,0.5059,0.6021,0.7972,1.0663,0.1509,0.2291,0.3197,0.3683,0.4558,0.5033,0.6822,0.699,0.8763,0.9576,0.0339,0.0856,0.0994,0.2807,0.3655,0.54,0.6807,0.7947,0.9326,1.1564,0.0711,0.1071,0.1162,0.2424,0.279,0.3211,0.4022,0.4527,0.586,0.7879,0.0,0.0,0.0,0.0,0.0,0.0,0.0,0.0,0.0,0.0,0.0
0.0351,0.149,0.2081,0.3769,0.4349,0.5229,0.6432,0.661,0.8529,1.0562,0.0897,0.1899,0.1996,0.3017,0.3539,0.4481,0.6291,0.6494,0.788,0.9881,0.0432,0.0996,0.1353,0.2526,0.2853,0.362,0.5477,0.6261,0.8331,1.0678,0.0611,0.0789,0.1519,0.2076,0.243,0.325,0.4823,0.614,0.9155,1.2186,0.1045,0.2008,0.2237,0.3608,0.4381,0.5386,0.6793,0.7889,0.8915,1.0236,0.0604,0.0836,0.1594,0.3315,0.3829,0.467,0.6001,0.7236,0.9653,1.2192,0.0794,0.1594,0.2231,0.3967,0.4386,0.4818,0.5523,0.686,0.7117,0.9966,0.0213,0.0562,0.0878,0.1421,0.2237,0.3395,0.5059,0.6021,0.7972,1.0663,0.1509,0.2291,0.3197,0.3683,0.4558,0.5033,0.6822,0.699,0.8763,0.9576,0.0339,0.0856,0.0994,0.2807,0.3655,0.54,0.6807,0.7947,0.9326,1.1564,0.0711,0.1071,0.1162,0.2424,0.279,0.3211,0.4022,0.4527,0.586,0.7879,0.0,0.0,0.0,0.0,0.0,0.0,0.0,0.0,0.0,0.0,0.0
0.0351,0.149,0.2081,0.3769,0.4349,0.5229,0.6432,0.661,0.8529,1.0562,0.0897,0.1899,0.1996,0.3017,0.3539,0.4481,0.6291,0.6494,0.788,0.9881,0.0432,0.0996,0.1353,0.2526,0.2853,0.362,0.5477,0.6261,0.8331,1.0678,0.0611,0.0789,0.1519,0.2076,0.243,0.325,0.4823,0.614,0.9155,1.2186,0.1045,0.2008,0.2237,0.3608,0.4381,0.5386,0.6793,0.7889,0.8915,1.0236,0.0604,0.0836,0.1594,0.3315,0.3829,0.467,0.6001,0.7236,0.9653,1.2192,0.0794,0.1594,0.2231,0.3967,0.4386,0.4818,0.5523,0.686,0.7117,0.9966,0.0213,0.0562,0.0878,0.1421,0.2237,0.3395,0.5059,0.6021,0.7972,1.0663,0.1509,0.2291,0.3197,0.3683,0.4558,0.5033,0.6822,0.699,0.8763,0.9576,0.0339,0.0856,0.0994,0.2807,0.3655,0.54,0.6807,0.7947,0.9326,1.1564,0.0711,0.1071,0.1162,0.2424,0.279,0.3211,0.4022,0.4527,0.586,0.7879,0.0,0.0,0.0,0.0,0.0,0.0,0.0,0.0,0.0,0.0,0.0
0.0351,0.149,0.2081,0.3769,0.4349,0.5229,0.6432,0.661,0.8529,1.0562,0.0897,0.1899,0.1996,0.3017,0.3539,0.4481,0.6291,0.6494,0.788,0.9881,0.0432,0.0996,0.1353,0.2526,0.2853,0.362,0.5477,0.6261,0.8331,1.0678,0.0611,0.0789,0.1519,0.2076,0.243,0.325,0.4823,0.614,0.9155,1.2186,0.1045,0.2008,0.2237,0.3608,0.4381,0.5386,0.6793,0.7889,0.8915,1.0236,0.0604,0.0836,0.1594,0.3315,0.3829,0.467,0.6001,0.7236,0.9653,1.2192,0.0794,0.1594,0.2231,0.3967,0.4386,0.4818,0.5523,0.686,0.7117,0.9966,0.0213,0.0562,0.0878,0.1421,0.2237,0.3395,0.5059,0.6021,0.7972,1.0663,0.1509,0.2291,0.3197,0.3683,0.4558,0.5033,0.6822,0.699,0.8763,0.9576,0.0339,0.0856,0.0994,0.2807,0.3655,0.54,0.6807,0.7947,0.9326,1.1564,0.0711,0.1071,0.1162,0.2424,0.279,0.3211,0.4022,0.4527,0.586,0.7879,0.0,0.0,0.0,0.0,0.0,0.0,0.0,0.0,0.0,0.0,0.0
0.0351,0.149,0.2081,0.3769,0.4349,0.5229,0.6432,0.661,0.8529,1.0562,0.0897,0.1899,0.1996,0.3017,0.3539,0.4481,0.6291,0.6494,0.788,0.9881,0.0432,0.0996,0.1353,0.2526,0.2853,0.362,0.5477,0.6261,0.8331,1.0678,0.0611,0.0789,0.1519,0.2076,0.243,0.325,0.4823,0.614,0.9155,1.2186,0.1045,0.2008,0.2237,0.3608,0.4381,0.5386,0.6793,0.7889,0.8915,1.0236,0.0604,0.0836,0.1594,0.3315,0.3829,0.467,0.6001,0.7236,0.9653,1.2192,0.0794,0.1594,0.2231,0.3967,0.4386,0.4818,0.5523,0.686,0.7117,0.9966,0.0213,0.0562,0.0878,0.1421,0.2237,0.3395,0.5059,0.6021,0.7972,1.0663,0.1509,0.2291,0.3197,0.3683,0.4558,0.5033,0.6822,0.699,0.8763,0.9576,0.0339,0.0856,0.0994,0.2807,0.3655,0.54,0.6807,0.7947,0.9326,1.1564,0.0711,0.1071,0.1162,0.2424,0.279,0.3211,0.4022,0.4527,0.586,0.7879,0.0,0.0,0.0,0.0,0.0,0.0,0.0,0.0,0.0,0.0,0.0
0.0351,0.149,0.2081,0.3769,0.4349,0.5229,0.6432,0.661,0.8529,1.0562,0.0897,0.1899,0.1996,0.3017,0.3539,0.4481,0.6291,0.6494,0.788,0.9881,0.0432,0.0996,0.1353,0.2526,0.2853,0.362,0.5477,0.6261,0.8331,1.0678,0.0611,0.0789,0.1519,0.2076,0.243,0.325,0.4823,0.614,0.9155,1.2186,0.1045,0.2008,0.2237,0.3608,0.4381,0.5386,0.6793,0.7889,0.8915,1.0236,0.0604,0.0836,0.1594,0.3315,0.3829,0.467,0.6001,0.7236,0.9653,1.2192,0.0794,0.1594,0.2231,0.3967,0.4386,0.4818,0.5523,0.686,0.7117,0.9966,0.0213,0.0562,0.0878,0.1421,0.2237,0.3395,0.5059,0.6021,0.7972,1.0663,0.1509,0.2291,0.3197,0.3683,0.4558,0.5033,0.6822,0.699,0.8763,0.9576,0.0339,0.0856,0.0994,0.2807,0.3655,0.54,0.6807,0.7947,0.9326,1.1564,0.0711,0.1071,0.1162,0.2424,0.279,0.3211,0.4022,0.4527,0.586,0.7879,0.0,0.0,0.0,0.0,0.0,0.0,0.0,0.0,0.0,0.0,0.0
0.0351,0.149,0.2081,0.3769,0.4349,0.5229,0.6432,0.661,0.8529,1.0562,0.0897,0.1899,0.1996,0.3017,0.3539,0.4481,0.6291,0.6494,0.788,0.9881,0.0432,0.0996,0.1353,0.2526,0.2853,0.362,0.5477,0.6261,0.8331,1.0678,0.0611,0.0789,0.1519,0.2076,0.243,0.325,0.4823,0.614,0.9155,1.2186,0.1045,0.2008,0.2237,0.3608,0.4381,0.5386,0.6793,0.7889,0.8915,1.0236,0.0604,0.0836,0.1594,0.3315,0.3829,0.467,0.6001,0.7236,0.9653,1.2192,0.0794,0.1594,0.2231,0.3967,0.4386,0.4818,0.5523,0.686,0.7117,0.9966,0.0213,0.0562,0.0878,0.1421,0.2237,0.3395,0.5059,0.6021,0.7972,1.0663,0.1509,0.2291,0.3197,0.3683,0.4558,0.5033,0.6822,0.699,0.8763,0.9576,0.0339,0.0856,0.0994,0.2807,0.3655,0.54,0.6807,0.7947,0.9326,1.1564,0.0711,0.1071,0.1162,0.2424,0.279,0.3211,0.4022,0.4527,0.586,0.7879,0.0,0.0,0.0,0.0,0.0,0.0,0.0,0.0,0.0,0.0,0.0
